Sp,Binary,Ensemble.2,EnsembleBinary
Cynopterus sphinx,1,0.01440568915237627,TRUE
Rousettus leschenaultii,1,0.019469455311214398,TRUE
Rousettus aegyptiacus,1,0.020080058078847378,TRUE
Rhinolophus ferrumequinum,1,0.038188283669717,TRUE
Eonycteris spelaea,1,0.02975762562505547,TRUE
Eidolon helvum,1,0.02924943301685017,TRUE
Cynopterus brachyotis,1,0.046959463504381654,TRUE
Rhinolophus luctus,0,0.029847463904969725,TRUE
Eptesicus serotinus,1,0.07077125522963042,TRUE
Pipistrellus pipistrellus,1,0.06289156043609713,TRUE
Myonycteris angolensis,1,0.035322952163930256,TRUE
Rhinolophus affinis,1,0.09187908984027511,TRUE
Pteropus giganteus,1,0.07457834027625325,TRUE
Epomophorus gambianus,1,0.08146099381017528,TRUE
Hipposideros armiger,1,0.07676431432352473,TRUE
Rhinolophus fumigatus,0,0.04576970915695823,TRUE
Micropteropus pusillus,1,0.10129290805996748,TRUE
Miniopterus schreibersii,1,0.09916912075122065,TRUE
Myotis daubentonii,1,0.09610769244069636,TRUE
Rousettus amplexicaudatus,1,0.15551662480458048,TRUE
Rhinolophus pusillus,1,0.12500485270963382,TRUE
Pipistrellus abramus,1,0.12709999933483856,TRUE
Rhinolophus yunanensis,0,0.07125540989645836,TRUE
Rhinolophus euryale,1,0.1764986379234403,TRUE
Rhinolophus pearsonii,1,0.09847431081228014,TRUE
Rhinolophus sinicus,1,0.13874761513579403,TRUE
Rhinolophus clivosus,1,0.1784094014073033,TRUE
Sphaerias blanfordi,0,0.06713570302654985,TRUE
Rhinolophus landeri,0,0.07441451423737132,TRUE
Epomophorus labiatus,1,0.1831771725541169,TRUE
Rhinolophus osgoodi,0,0.07965621769830962,TRUE
Nyctalus noctula,1,0.17705314236652175,TRUE
Rhinolophus blasii,1,0.10875202582958436,TRUE
Hipposideros caffer,1,0.18778923518253138,TRUE
Macroglossus sobrinus,0,0.07033449106331274,TRUE
Pipistrellus kuhlii,1,0.19167908709267395,TRUE
Rhinolophus mehelyi,1,0.1216208861859904,TRUE
Rhinolophus macrotis,1,0.12057127222436027,TRUE
Rhinolophus lepidus,0,0.08896484795921197,TRUE
Rhinolophus hipposideros,1,0.12642241243463304,TRUE
Scotomanes ornatus,0,0.07790103587134507,TRUE
Rhinolophus marshalli,0,0.09073525529518103,TRUE
Hipposideros pomona,1,0.1547427989953264,TRUE
Rhinolophus paradoxolophus,0,0.09486277177505653,TRUE
Rhinolophus trifoliatus,0,0.09062485735029564,TRUE
Pipistrellus nathusii,1,0.2040222740747658,TRUE
Nyctalus leisleri,0,0.08222644468129219,TRUE
Megaerops niphanae,1,0.12478698248364188,TRUE
Scotophilus dinganii,1,0.20544798386258967,TRUE
Asellia tridens,0,0.09574158706131362,TRUE
Pipistrellus javanicus,0,0.09175454771154076,TRUE
Myotis ricketti,1,0.18150658507508086,TRUE
Scotophilus heathii,1,0.08622161043230134,TRUE
Megaerops ecaudatus,1,0.09437092620438854,TRUE
Pipistrellus ceylonicus,0,0.09551084824846341,TRUE
Murina leucogaster,0,0.16857120470605907,TRUE
Myotis altarium,0,0.0915434096680608,TRUE
Scotophilus leucogaster,1,0.2142414491306165,TRUE
Rhinolophus malayanus,1,0.10589409211796902,TRUE
Hipposideros pratti,1,0.2212462051050472,TRUE
Epomops franqueti,1,0.22933250121465548,TRUE
Rhinopoma hardwickii,1,0.22605130929088812,TRUE
Hypsugo savii,1,0.2256451642826734,TRUE
Rhinolophus thomasi,1,0.16024291728690107,TRUE
Myotis dasycneme,1,0.22834220707313233,TRUE
Pipistrellus rueppellii,0,0.1027235960992908,TRUE
Rhinolophus rex,1,0.25248823869991666,TRUE
Dyacopterus spadiceus,1,0.16934987922239786,TRUE
Myotis nattereri,0,0.21132328073955162,TRUE
Barbastella barbastellus,0,0.2049781561314022,TRUE
Taphozous melanopogon,0,0.20509373599263372,TRUE
Chaerephon pumilus,1,0.2114465196490813,TRUE
Taphozous perforatus,1,0.2046855723603015,TRUE
Mops condylurus,1,0.24366442752618808,TRUE
Vespertilio sinensis,1,0.24500758494229763,TRUE
Triaenops persicus,1,0.2492509266389533,TRUE
Hipposideros larvatus,1,0.21502313722213343,TRUE
Hypsignathus monstrosus,0,0.25758588237209773,TRUE
Rhinolophus shameli,1,0.28212385183971106,TRUE
Chaerephon plicatus,1,0.25390132310360514,TRUE
Epomophorus wahlbergi,0,0.2731334437372797,TRUE
Myotis blythii,0,0.21982956348822075,TRUE
Nycticeinops schlieffeni,0,0.1133600451168459,TRUE
Myotis emarginatus,1,0.25423097721860677,TRUE
Neoromicia capensis,1,0.26233693251002727,TRUE
Plecotus auritus,1,0.22473207609840543,TRUE
Cynopterus horsfieldii,1,0.17022847726829607,TRUE
Myotis myotis,0,0.22967440074213502,TRUE
Rousettus lanosus,0,0.14416418296272837,TRUE
Pipistrellus hesperidus,1,0.18563629830768055,TRUE
Pteropus vampyrus,0,0.23048092839631865,TRUE
Ia io,1,0.16566386753398823,TRUE
Pipistrellus tenuis,0,0.12215168497047482,TRUE
Epomophorus minimus,0,0.14453489205407344,TRUE
Pipistrellus paterculus,0,0.1367485744128343,TRUE
Vespertilio murinus,1,0.2889459509434317,TRUE
Pipistrellus pygmaeus,1,0.18699009928467378,TRUE
Rhinolophus coelophyllus,0,0.30851689094221185,TRUE
Hypsugo pulveratus,1,0.1274151182615667,TRUE
Myotis formosus,0,0.12303277695044874,TRUE
Tadarida teniotis,1,0.2865304512465761,TRUE
Pipistrellus coromandra,1,0.3003603476543913,TRUE
Rhinolophus rouxii,0,0.3094345982306513,TRUE
Myonycteris torquata,1,0.2159783410095158,TRUE
Rhinolophus stheno,1,0.31352492489645317,TRUE
Scotophilus viridis,0,0.14215392634185675,TRUE
Hipposideros lylei,0,0.14624293841960218,TRUE
Aselliscus stoliczkanus,1,0.1960819156532621,TRUE
Pteropus lylei,1,0.2557072717119097,TRUE
Tylonycteris pachypus,1,0.19390413321970504,TRUE
Rhinopoma microphyllum,0,0.15121773991461668,TRUE
Penthetor lucasi,0,0.15404180779639254,TRUE
Megaloglossus woermanni,1,0.3108298097254797,TRUE
Rhinolophus simulator,0,0.32878148339641994,TRUE
Hipposideros ruber,1,0.30134688730985654,TRUE
Myotis brandtii,0,0.3023829783423267,TRUE
Eidolon dupreanum,1,0.30971519588357005,TRUE
Eptesicus nilssonii,1,0.2047546513999122,TRUE
Nyctalus lasiopterus,0,0.31068876837285564,TRUE
Cynopterus minutus,0,0.1615001798444048,TRUE
Hipposideros ater,0,0.15474938378582526,TRUE
Tylonycteris robustula,0,0.3254893747936301,TRUE
Rousettus spinalatus,0,0.1676952488953388,TRUE
Rhinolophus mitratus,0,0.1712377607977882,TRUE
Nanonycteris veldkampii,1,0.16420360332115408,TRUE
Rhinolophus eloquens,0,0.2671412024760234,TRUE
Pteropus hypomelanus,0,0.2746838890655323,TRUE
Hipposideros galeritus,1,0.21224778333641578,TRUE
Plecotus austriacus,0,0.15157723847094628,TRUE
Falsistrellus affinis,0,0.1566463183802372,TRUE
Murina cyclotis,0,0.14858123650908797,TRUE
Scotophilus nigrita,0,0.3175408817240608,TRUE
Ptenochirus jagori,1,0.243504898595859,TRUE
Megaerops wetmorei,0,0.1668367751394733,TRUE
Barbastella leucomelas,0,0.1500761556732378,TRUE
Eptesicus bottae,0,0.1591173646069971,TRUE
Rhinolophus acuminatus,1,0.1792582543774222,TRUE
Macroglossus minimus,1,0.32639672500574235,TRUE
Myotis capaccinii,0,0.33165036968143474,TRUE
Coelops frithii,0,0.16905532161143613,TRUE
Rhinolophus cornutus,1,0.28313707840496416,TRUE
Rhinolophus hildebrandtii,0,0.28434412530229525,TRUE
Eonycteris major,0,0.17702065511133278,TRUE
Myotis bechsteinii,0,0.16410586724089843,TRUE
Harpyionycteris whiteheadi,0,0.17600069819959288,TRUE
Hipposideros cineraceus,0,0.33068401621056165,TRUE
Rhinolophus borneensis,0,0.18145344492540808,TRUE
Cynopterus titthaecheilus,0,0.18637877157054988,TRUE
Epomops buettikoferi,1,0.18610183038071915,TRUE
Myotis oxygnathus,0,0.15237059524330077,TRUE
Nyctalus plancyi,0,0.35458875229685255,TRUE
Pteropus alecto,1,0.3018399592933871,TRUE
Artibeus jamaicensis,1,0.29141388856138295,TRUE
Scotophilus kuhlii,1,0.30362209189872486,TRUE
Artibeus lituratus,1,0.2973793164042198,TRUE
Epomops dobsonii,0,0.36398315878369353,TRUE
Pteropus scapulatus,0,0.2976727008413503,TRUE
Hipposideros diadema,0,0.35611385296271164,TRUE
Murina huttoni,0,0.16956956993703787,TRUE
Myotis laniger,0,0.16764062170780883,TRUE
Myonycteris relicta,0,0.1924771368355902,TRUE
Neoromicia nanus,0,0.3843783302447324,TRUE
Nycteris thebaica,0,0.3451901474206985,TRUE
Hipposideros bicolor,0,0.3300118799793448,TRUE
Hesperoptenus tickelli,0,0.16964546779733214,TRUE
Scotonycteris zenkeri,0,0.1950201468034733,TRUE
Tadarida aegyptiaca,0,0.1734240646544225,TRUE
Chironax melanocephalus,0,0.19180064769778393,TRUE
Neoromicia rendalli,0,0.17553948440761796,TRUE
Rhinolophus subbadius,0,0.2039630103992954,TRUE
Epomophorus crypturus,0,0.19504262941067635,TRUE
Rhinolophus alcyone,0,0.2019391135677711,TRUE
Rhinolophus bocharicus,0,0.20635967288523283,TRUE
Eptesicus gobiensis,0,0.19227623041061223,TRUE
Scotonycteris ophiodon,0,0.206987376167796,TRUE
Balionycteris maculata,0,0.19803980957120682,TRUE
Otonycteris hemprichii,0,0.18856980390275951,TRUE
Murina aurata,0,0.3691574576654012,TRUE
Nyctalus aviator,0,0.19508973408284813,TRUE
Rhinolophus philippinensis,0,0.20965282752445624,TRUE
Megaderma spasma,0,0.201852922556815,TRUE
Megaderma lyra,0,0.1977226911291023,TRUE
Myotis montivagus,0,0.1792213276324133,TRUE
Rousettus madagascariensis,0,0.210510485069144,TRUE
Myotis chinensis,0,0.17350835374712578,TRUE
Rhinolophus arcuatus,0,0.2148939389904752,TRUE
Rhinolophus darlingi,0,0.22354055772325399,TRUE
Hipposideros vittatus,0,0.39967955537933786,TRUE
Hipposideros gigas,1,0.39398823034966923,TRUE
Rhinolophus beddomei,0,0.2240218379986965,TRUE
Pipistrellus rusticus,0,0.21408740958622888,TRUE
Pteropus intermedius,0,0.20797019913554413,TRUE
Murina tubinaris,0,0.19359992125425604,TRUE
Rhinolophus sedulus,0,0.22129954702863985,TRUE
Haplonycteris fischeri,0,0.21501190382766835,TRUE
Taphozous longimanus,0,0.19947003871255772,TRUE
Hipposideros speoris,0,0.3963944609070378,TRUE
Neoromicia somalicus,1,0.1994672995023704,TRUE
Coleura afra,0,0.21360704426837973,TRUE
Eonycteris robusta,0,0.22485736989587743,TRUE
Rousettus celebensis,0,0.2320434134604877,TRUE
Hipposideros commersoni,1,0.30397666085609226,TRUE
Scotozous dormeri,0,0.21556005351405608,TRUE
Myotis longipes,0,0.41448343770153584,TRUE
Rhinolophus shortridgei,0,0.2420376479668126,TRUE
Hipposideros lankadiva,0,0.41336072311866096,TRUE
Hypsugo cadornae,0,0.203864224134498,TRUE
Myotis pequinius,1,0.22336413891640572,TRUE
Arielulus circumdatus,0,0.21134430355098238,TRUE
Ptenochirus minor,0,0.24074687037564338,TRUE
Carollia perspicillata,1,0.38064189948651467,TRUE
Hipposideros fulvus,0,0.23613556328465657,TRUE
Myotis macrodactylus,0,0.42301712543787984,TRUE
Pteropus dasymallus,0,0.22967465471368598,TRUE
Sturnira lilium,0,0.3853308927794542,TRUE
Chaerephon major,0,0.23576592859834278,TRUE
Pteropus rufus,1,0.43490202838589487,TRUE
Neoromicia tenuipinnis,0,0.2255747263401632,TRUE
Nyctalus montanus,0,0.22963380146421944,TRUE
Pteropus conspicillatus,1,0.409893949292814,TRUE
Aethalops alecto,0,0.24436279980871503,TRUE
Myotis horsfieldii,1,0.4186671286607375,TRUE
Saccolaimus saccolaimus,0,0.4208305410530887,TRUE
Taphozous nudiventris,0,0.22976844641601155,TRUE
Casinycteris argynnis,0,0.2502146977506143,TRUE
Miniopterus pusillus,0,0.43477275755771294,TRUE
Miniopterus magnater,0,0.42931008247132507,TRUE
Otopteropus cartilagonodus,0,0.24598207542494083,TRUE
Scotophilus nux,0,0.4538259083031002,TRUE
Miniopterus inflatus,0,0.45664933083794423,TRUE
Mops midas,0,0.24110367764725923,TRUE
Pteronotus parnellii,1,0.4134971341110939,TRUE
Scotoecus hirundo,0,0.24297451001749398,TRUE
Neoromicia guineensis,0,0.24351721073408705,TRUE
Taphozous theobaldi,0,0.4327735812264724,TRUE
Epomophorus grandis,0,0.2632689829616414,TRUE
Hipposideros lekaguli,1,0.46479023679625703,TRUE
Hypsugo alaschanicus,0,0.24843215528619306,TRUE
Rhinolophus creaghi,1,0.39450665632983617,TRUE
Pteropus pumilus,0,0.24569763989220914,TRUE
Lavia frons,0,0.2494817803725854,TRUE
Myotis muricola,0,0.2185902264675941,TRUE
Eptesicus pachyotis,0,0.2360158292038787,TRUE
Hipposideros abae,0,0.47759583945287043,FALSE
Myotis fimbriatus,0,0.24667483881433722,TRUE
Myotis annectans,0,0.2297055850261124,TRUE
Kerivoula hardwickii,0,0.2203116744940882,TRUE
Myotis sicarius,0,0.24519107823341685,TRUE
Kerivoula picta,0,0.22313260540427898,TRUE
Rhinolophus inops,0,0.2704741012987022,TRUE
Myotis csorbai,0,0.24580703685195465,TRUE
Myotis punicus,1,0.4668286231657468,TRUE
Hipposideros rotalis,0,0.24598898501291516,TRUE
Hipposideros turpis,0,0.2559078198584172,TRUE
Epomophorus minor,0,0.27034832608783915,TRUE
Rhinolophus monoceros,1,0.42438422565437756,TRUE
Pteropus leucopterus,0,0.2511987837538121,TRUE
Dyacopterus brooksi,0,0.2669201718466975,TRUE
Pipistrellus inexspectatus,0,0.48514308078368357,FALSE
Cardioderma cor,0,0.47822394472543034,FALSE
Myotis siligorensis,0,0.226804996340402,TRUE
Myotis mystacinus,0,0.4520960021444175,TRUE
Philetor brachypterus,0,0.46466515047222756,TRUE
Rhinolophus swinnyi,0,0.2826100478510489,TRUE
Eptesicus nasutus,0,0.250657203614163,TRUE
Rhinolophus subrufus,0,0.2806210916988612,TRUE
Hipposideros grandis,0,0.2734652786932969,TRUE
Hipposideros cyclops,0,0.2607401417447438,TRUE
Chaerephon nigeriae,0,0.25820207660265154,TRUE
Myotis ikonnikovi,0,0.2606797613188089,TRUE
Micropteropus intermedius,0,0.2827162632447725,TRUE
Carollia brevicauda,0,0.4537266514027992,TRUE
Eptesicus fuscus,0,0.4408671208471489,TRUE
Acerodon jubatus,0,0.2583234709099485,TRUE
Thoopterus nigrescens,0,0.2817731848904365,TRUE
Pteropus poliocephalus,0,0.46666890255653515,TRUE
Murina hilgendorfi,0,0.2692145143523557,TRUE
Rhinopoma muscatellum,0,0.2810051132765132,TRUE
Pipistrellus subflavus,0,0.4775707852672413,FALSE
Scotoecus albofuscus,0,0.2544652836514526,TRUE
Myotis tricolor,0,0.265646151804831,TRUE
Murina fusca,0,0.2647081755678295,TRUE
Dobsonia moluccensis,1,0.5140602397434186,FALSE
Nyctimene rabori,0,0.2852541515707168,TRUE
Molossus molossus,0,0.47512054065347215,FALSE
Rhinolophus capensis,0,0.548355904033092,FALSE
Lasiurus cinereus,0,0.5138529244072285,FALSE
Tadarida brasiliensis,0,0.47324208222452907,FALSE
Latidens salimalii,0,0.2926623702159708,TRUE
Chaerephon bivittatus,0,0.2805524653753885,TRUE
Myotis nigricans,0,0.4567027371563075,TRUE
Scotoecus pallidus,0,0.2811135919376861,TRUE
Aethalops aequalis,0,0.29340498654106734,TRUE
Tadarida latouchei,0,0.2867228805715245,TRUE
Harpiocephalus mordax,0,0.2575440411799781,TRUE
Pteronotus davyi,1,0.4891417894020247,FALSE
Nyctimene cephalotes,0,0.30215860753606144,TRUE
Glauconycteris variegata,1,0.2550410768528043,TRUE
Myotis schaubi,0,0.2824529544452713,TRUE
Megaerops kusnotoi,1,0.30410083166836926,TRUE
Uroderma bilobatum,0,0.4873795471764722,FALSE
Neoromicia helios,0,0.2836708941732571,TRUE
Pipistrellus deserti,1,0.2965934084820891,TRUE
Harpiocephalus harpia,0,0.2606797862554767,TRUE
Dobsonia minor,0,0.3101201354859899,TRUE
Glossophaga soricina,0,0.48544183162928856,FALSE
Rhinolophus megaphyllus,0,0.5699091370338017,FALSE
Eumops glaucinus,1,0.5335799634545474,FALSE
Plerotes anchietae,0,0.3116240165859036,TRUE
Myotis velifer,0,0.5204302982102121,FALSE
Tadarida insignis,0,0.3047618180958207,TRUE
Rhinolophus virgo,0,0.31771863380439536,TRUE
Myotis bombinus,0,0.2977932212311549,TRUE
Lasiurus ega,0,0.538485602985203,FALSE
Chaerephon leucogaster,0,0.27902657533736736,TRUE
Rhinolophus imaizumii,0,0.3248837895349534,TRUE
Acerodon mackloti,0,0.3134625380450752,TRUE
Mormoops megalophylla,0,0.5123499291676155,FALSE
Paracoelops megalotis,0,0.3160332876642403,TRUE
Desmodus rotundus,1,0.501960094730541,FALSE
Rhinolophus deckenii,0,0.3307934194832654,TRUE
Nyctinomops laticaudatus,1,0.558622687058065,FALSE
Nycteris macrotis,1,0.298799212129053,TRUE
Chalinolobus gouldii,0,0.5683582370952189,FALSE
Acerodon celebensis,1,0.3119230555620277,TRUE
Rhinolophus denti,0,0.3401887273250738,TRUE
Rhinolophus formosae,0,0.33625225513393386,TRUE
Artibeus phaeotis,1,0.5369581989375273,FALSE
Chaerephon ansorgei,0,0.32016270754078063,TRUE
Eptesicus furinalis,0,0.5771346703937076,FALSE
Arielulus aureocollaris,0,0.30569069570652035,TRUE
Eptesicus tatei,0,0.32122509935656424,TRUE
Rhinolophus robinsoni,0,0.34010146187642065,TRUE
Molossus rufus,0,0.5142543236142055,FALSE
Rousettus bidens,0,0.32790312418345724,TRUE
Styloctenium wallacei,0,0.31479320079664486,TRUE
Myotis bocagii,0,0.2780459035232237,TRUE
Pteropus neohibernicus,0,0.5666712400358402,FALSE
Cynopterus luzoniensis,0,0.3415721876172896,TRUE
Nycteris gambiensis,1,0.5357716717771521,FALSE
Nyctinomops macrotis,0,0.5805160149132793,FALSE
Harpyionycteris celebensis,0,0.32635539852049306,TRUE
Myotis lucifugus,0,0.5318944376744741,FALSE
Taphozous mauritianus,0,0.29803395193004506,TRUE
Epomophorus angolensis,0,0.3420205901358117,TRUE
Glauconycteris argentata,0,0.47179902695765497,FALSE
Pteropus chrysoproctus,0,0.3381052483630149,TRUE
Nyctimene minutus,0,0.3479793651841443,TRUE
Pteropus niger,0,0.3435638502215267,TRUE
Pipistrellus endoi,0,0.34528854805733994,TRUE
Myotis septentrionalis,0,0.5606826156683712,FALSE
Rousettus obliviosus,0,0.3539239403176947,TRUE
Pteropus mariannus,0,0.3434594700357975,TRUE
Cynopterus nusatenggara,0,0.3596649858439944,TRUE
Lasionycteris noctivagans,0,0.629140223996219,FALSE
Hypsugo bodenheimeri,0,0.32406211044070693,TRUE
Pteropus caniceps,0,0.3435227255462032,TRUE
Rhinopoma macinnesi,0,0.35023211893192124,TRUE
Nycteris hispida,0,0.3200464972638331,TRUE
Rhinolophus celebensis,0,0.363518977146706,TRUE
Saccolaimus flaviventris,0,0.6048921434041351,FALSE
Miniopterus natalensis,0,0.6145095021232166,FALSE
Lasiurus intermedius,0,0.6059246811687605,FALSE
Pteropus melanotus,0,0.3404707363681858,TRUE
Eptesicus bobrinskoi,0,0.3492518578734361,TRUE
Eptesicus brasiliensis,0,0.6091707020049829,FALSE
Myotis hajastanicus,0,0.34661457752369906,TRUE
Arielulus torquatus,0,0.3330978574998892,TRUE
Nycticeius humeralis,0,0.6293594209654064,FALSE
Syconycteris australis,0,0.5624118233548363,FALSE
Chalinolobus morio,0,0.6335907057018747,FALSE
Eumops auripendulus,0,0.6203016742789442,FALSE
Murina silvatica,0,0.34079107160973643,TRUE
Antrozous pallidus,0,0.6474966971059894,FALSE
Falsistrellus mackenziei,0,0.626657082765304,FALSE
Scotoecus hindei,0,0.31150380289287305,TRUE
Pteropus seychellensis,0,0.36642341629605946,TRUE
Rhinolophus guineensis,0,0.3864357219553747,TRUE
Eumops perotis,0,0.6203519529633572,FALSE
Myotis volans,0,0.6097447274305812,FALSE
Hipposideros fuliginosus,1,0.3621509865592504,TRUE
Anoura geoffroyi,0,0.583503954326115,FALSE
Platyrrhinus lineatus,0,0.6371998129384419,FALSE
Rhinolophus rufus,0,0.3834343082480424,TRUE
Phyllostomus hastatus,0,0.5852354732222501,FALSE
Dobsonia crenulata,0,0.3540247136132463,TRUE
Dobsonia anderseni,0,0.6506919817017955,FALSE
Kerivoula papillosa,0,0.3255867810656336,TRUE
Phyllostomus discolor,0,0.64386230880639606,FALSE
Dobsonia viridis,0,0.35069555322241003,TRUE
Artibeus fimbriatus,0,0.6628712528246085,FALSE
Dobsonia exoleta,0,0.3551451663923423,TRUE
Myotis pruinosus,0,0.36314588345329035,TRUE
Pteropus personatus,0,0.3655565905826872,TRUE
Diphylla ecaudata,0,0.6256068480716139,FALSE
Dobsonia peronii,0,0.3603644117906165,TRUE
Lasiurus blossevillii,0,0.6504535175111343,FALSE
Myotis austroriparius,0,0.6653430304390078,FALSE
Myotis riparius,0,0.6040223413422054,FALSE
Acerodon leucotis,0,0.3746799477804017,TRUE
Nycteris grandis,0,0.35750049127978717,TRUE
Hipposideros ridleyi,0,0.3731713458952374,TRUE
Myotis hasseltii,0,0.3309343005067103,TRUE
Scotoecus albigula,0,0.34157747048786913,TRUE
Nyctimene aello,0,0.3907451814559662,TRUE
Myotis welwitschii,0,0.3512770072760362,TRUE
Vespadelus regulus,0,0.6697285584438768,FALSE
Hipposideros cervinus,1,0.37778928302312376,TRUE
Mimetillus moloneyi,0,0.34237405464970233,TRUE
Eptesicus japonensis,0,0.38682487394631515,TRUE
Miniopterus australis,0,0.6701087752656301,FALSE
Tadarida ventralis,0,0.36795391158167146,TRUE
Rhinonicteris aurantia,1,0.5701180373184875,FALSE
Myotis grisescens,0,0.6782696848572767,FALSE
Lasiurus seminolus,0,0.6750228246455098,FALSE
Myotis albescens,0,0.664912751338285,FALSE
Myotis thysanodes,0,0.6780422201156359,FALSE
Euderma maculatum,0,0.6839603345628688,FALSE
Histiotus velatus,0,0.6758083872064498,FALSE
Myonycteris brachycephala,0,0.4091088934360261,TRUE
Myotis macropus,0,0.686168346980674,FALSE
Cynomops abrasus,0,0.6428465300715911,FALSE
Artibeus toltecus,0,0.6643261927958604,FALSE
Myotis davidii,0,0.6741928519231327,FALSE
Otomops martiensseni,0,0.36696773531109067,TRUE
Dobsonia magna,0,0.3956555092385662,TRUE
Chaerephon bemmeleni,0,0.3803160994610369,TRUE
Glischropus tylopus,0,0.3558318101399665,TRUE
Pipistrellus hesperus,0,0.6943294908336748,FALSE
Eptesicus hottentotus,0,0.38084233721856636,TRUE
Vespadelus baverstocki,0,0.6887113107947433,FALSE
Pteropus speciosus,0,0.37165837381547856,TRUE
Rhinolophus siamensis,0,0.4135634136123177,TRUE
Diaemus youngi,0,0.6648441907697077,FALSE
Pipistrellus nanulus,0,0.39079706406073056,TRUE
Syconycteris carolinae,0,0.4088448832385295,TRUE
Nyctimene albiventer,0,0.40995998823118623,TRUE
Rhinolophus hillorum,0,0.4195498984251578,TRUE
Pteropus pselaphon,0,0.38526974721629326,TRUE
Artibeus cinereus,0,0.6520126689681676,FALSE
Rhinolophus euryotis,0,0.41874959112246096,TRUE
Myotis gomantongensis,0,0.37694177826124864,TRUE
Hesperoptenus blanfordi,0,0.3679248823551173,TRUE
Rhinolophus maclaudi,0,0.4268869438291415,TRUE
Rhinolophus canuti,0,0.4240424691042999,TRUE
Rhinolophus keyensis,0,0.4202550065014897,TRUE
Sturnira tildae,0,0.6769142618754819,FALSE
Kerivoula lanosa,0,0.3684443628701053,TRUE
Rhinolophus convexus,0,0.3840948736698563,TRUE
Nycteris nana,0,0.5860277755762006,FALSE
Alionycteris paucidentata,0,0.4163989615242438,TRUE
Myotis keenii,0,0.674980529686118,FALSE
Eudiscopus denticulus,0,0.38507279634158437,TRUE
Eptesicus diminutus,0,0.713772171632261,FALSE
Pteropus lombocensis,0,0.38670597724664735,TRUE
Sturnira ludovici,0,0.5835276455887851,FALSE
Miniopterus africanus,0,0.38528348546297986,TRUE
Laephotis wintoni,0,0.39358833006524685,TRUE
Saccolaimus peli,0,0.38798246301009476,TRUE
Lasiurus xanthinus,0,0.7085067439230556,FALSE
Lasiurus borealis,0,0.6992213849965538,FALSE
Corynorhinus townsendii,0,0.7207174477646728,FALSE
Pteropus admiralitatum,0,0.698863651808461,FALSE
Murina ussuriensis,0,0.41030849574189426,TRUE
Scotophilus nucella,0,0.40017822011382176,TRUE
Pipistrellus maderensis,0,0.4266036420948956,TRUE
Murina puta,0,0.3989989103398651,TRUE
Hipposideros jonesi,0,0.4202625224644686,TRUE
Kerivoula argentata,0,0.3988170730227633,TRUE
Platyrrhinus helleri,0,0.7046529876333166,FALSE
Myotis yumanensis,0,0.7254079072825134,FALSE
Hipposideros megalotis,0,0.4283990410969417,TRUE
Mops congicus,0,0.4069560975041534,TRUE
Leptonycteris nivalis,0,0.709436889266636,FALSE
Pteropus voeltzkowi,0,0.4188070785679852,TRUE
Lonchorhina aurita,0,0.7049845422354957,FALSE
Pteropus livingstonii,0,0.4153604427715129,TRUE
Myotis levis,0,0.7311187212399014,FALSE
Pteropus melanopogon,0,0.4223647020453132,TRUE
Asellia patrizii,0,0.432191138563591,TRUE
Rhinolophus silvestris,0,0.4427194575989972,TRUE
Cynomops planirostris,0,0.6935487374229923,FALSE
Pteropus ocularis,0,0.41010730413239543,TRUE
Mops thersites,0,0.4093483995488191,TRUE
Hipposideros obscurus,0,0.42798270864105475,TRUE
Triaenops rufus,0,0.4342651929008628,TRUE
Miniopterus fraterculus,0,0.42240994241498253,TRUE
Myotis adversus,0,0.3898598230505877,TRUE
Emballonura alecto,0,0.3962714961826764,TRUE
Hipposideros durgadasi,0,0.43851453822669073,TRUE
Nyctimene robinsoni,0,0.4357757265475169,TRUE
Mops mops,0,0.42046346802434764,TRUE
Histiotus montanus,0,0.7407293992305067,FALSE
Kerivoula whiteheadi,0,0.3908645920156819,TRUE
Natalus stramineus,0,0.7225216609416724,FALSE
Pipistrellus stenopterus,0,0.4019352127272233,TRUE
Hipposideros beatus,0,0.43821026448064004,TRUE
Neopteryx frosti,0,0.4263418927703093,TRUE
Pteropus griseus,0,0.4270780029054348,TRUE
Murina grisea,0,0.40249687038308324,TRUE
Tadarida fulminans,0,0.42484835217361283,TRUE
Myotis hosonoi,0,0.42227367665071236,TRUE
Nycteris tragata,0,0.4188276532049663,TRUE
Myotis californicus,0,0.7558800225144547,FALSE
Chrotopterus auritus,0,0.733885904129706,FALSE
Lasiurus egregius,0,0.7484472993724441,FALSE
Hipposideros hypophyllus,0,0.4181798573498112,TRUE
Artibeus obscurus,1,0.6458306249576361,FALSE
Falsistrellus petersi,0,0.40228499994287836,TRUE
Vampyrodes caraccioli,0,0.644569610236373,FALSE
Myotis leibii,0,0.7513766022072031,FALSE
Paranyctimene raptor,0,0.45534641630444894,TRUE
Acerodon humilis,0,0.43805274269656985,TRUE
Pteropus tokudae,0,0.414480173036053,TRUE
Myotis rosseti,0,0.4113595430916255,TRUE
Nyctophilus bifax,0,0.4390799439031223,TRUE
Nyctimene draconilla,0,0.46329047256696726,TRUE
Diclidurus albus,0,0.7544206496919325,FALSE
Myotis yesoensis,0,0.43158079714451913,TRUE
Pteropus macrotis,0,0.4505138815244165,TRUE
Sturnira erythromos,0,0.7576903265898521,FALSE
Chaerephon russatus,0,0.4363113719270267,TRUE
Rhinolophus nereis,0,0.47402681697909127,FALSE
Pteropus aldabrensis,0,0.44522724679002523,TRUE
Hypsugo ariel,0,0.43971366134472134,TRUE
Nyctalus furvus,0,0.4531600237743763,TRUE
Hipposideros nequam,0,0.4618570599354872,TRUE
Hypsugo joffrei,0,0.44028454902182973,TRUE
Kerivoula pellucida,0,0.41491699393869813,TRUE
Plecotus taivanus,0,0.44886038657207994,TRUE
Myotis macrotarsus,0,0.41663981388475,TRUE
Pteropus capistratus,0,0.772709087192142,FALSE
Rhinolophus adami,0,0.476712523873563,FALSE
Vespadelus pumilus,0,0.7674536247886466,FALSE
Cheiromeles torquatus,0,0.4224891411417099,TRUE
Chaerephon jobensis,0,0.45813257066759044,TRUE
Nyctophilus gouldi,0,0.46893643844940547,FALSE
Nyctimene certans,0,0.4759819266623653,FALSE
Pteropus brunneus,0,0.4303031584998133,TRUE
Rhinolophus hilli,0,0.47937368908762046,FALSE
Anoura caudifer,0,0.7777677944489207,FALSE
Pipistrellus westralis,0,0.46265539968888525,TRUE
Mops brachypterus,0,0.4458451390960216,TRUE
Chaerephon aloysiisabaudiae,0,0.4529140651385194,TRUE
Rhinolophus cognatus,0,0.4870492213317267,FALSE
Rhinolophus madurensis,0,0.4889587322784116,FALSE
Hypsugo anthonyi,0,0.4353073539961272,TRUE
Myotis frater,0,0.4619824989323998,TRUE
Eptesicus floweri,0,0.4669229886201921,FALSE
Leptonycteris curasoae,0,0.789083962542613,FALSE
Myotis ozensis,0,0.4586366685254149,TRUE
Nyctophilus geoffroyi,0,0.4715667119841695,FALSE
Myotis evotis,0,0.805231192548015,FALSE
Myopterus daubentonii,0,0.46940347351950945,FALSE
Rhinolophus ruwenzorii,0,0.49734969026804016,FALSE
Nycteris arge,0,0.4476335007826251,TRUE
Hipposideros dyacorum,0,0.47575397936487507,FALSE
Pteropus faunulus,0,0.44028997757266236,TRUE
Eptesicus matroka,0,0.4620808596835252,TRUE
Mops niveiventer,0,0.473999298672021,FALSE
Myotis annamiticus,0,0.4530836077540885,TRUE
Myotis scotti,0,0.47156375690703156,FALSE
Mimon crenulatum,0,0.7956549960683699,FALSE
Nyctimene cyclotis,0,0.4975780807702314,FALSE
Hipposideros halophyllus,0,0.493186751284722,FALSE
Cloeotis percivali,0,0.49649482583898596,FALSE
Eumops patagonicus,0,0.830662002756097,FALSE
Hipposideros camerunensis,0,0.48911235482003834,FALSE
Mops demonstrator,0,0.4966086105944603,FALSE
Myotis chiloensis,0,0.8366923361310955,FALSE
Miniopterus tristis,0,0.46721624929038913,FALSE
Hypsugo arabicus,0,0.4543442713322605,TRUE
Lichonycteris obscura,0,0.8132555454788062,FALSE
Neoromicia melckorum,0,0.4989094450919042,FALSE
Miniopterus medius,0,0.4638216219520875,TRUE
Murina tenebrosa,0,0.48984265254642445,FALSE
Mystacina tuberculata,0,0.8308539676690692,FALSE
Nyctimene masalai,0,0.5091698520204997,FALSE
Hesperoptenus tomesi,0,0.46534435905175864,TRUE
Dobsonia emersa,0,0.48444030348743417,FALSE
Mesophylla macconnelli,0,0.8209362788074166,FALSE
Glauconycteris poensis,0,0.4612863462729954,TRUE
Natalus tumidirostris,0,0.7922104951617889,FALSE
Emballonura monticola,0,0.4697745075108986,FALSE
Pteropus pohlei,0,0.4906612843487727,FALSE
Mops nanulus,0,0.4811212128190227,FALSE
Hypsugo eisentrauti,0,0.4576359720570823,TRUE
Nyctophilus timoriensis,0,0.49020592459477663,FALSE
Hipposideros pygmaeus,0,0.5010879222970688,FALSE
Pteropus temminckii,0,0.5048648703082665,FALSE
Otomops wroughtoni,0,0.4959513068274754,FALSE
Pteropus rodricensis,0,0.4713893157124268,FALSE
Dobsonia beauforti,0,0.4904520793034901,FALSE
Hipposideros lamottei,0,0.5111856332667218,FALSE
Hipposideros stenotis,0,0.5106906807303367,FALSE
Nyctophilus arnhemensis,0,0.48638041229705276,FALSE
Craseonycteris thonglongyai,0,0.5104378377740627,FALSE
Aproteles bulmerae,0,0.5013771200215955,FALSE
Glossophaga morenoi,0,0.8315607369803512,FALSE
Hipposideros breviceps,0,0.5049584996368238,FALSE
Triaenops furculus,0,0.5149529655554699,FALSE
Scotophilus robustus,0,0.46846209463591765,FALSE
Mops sarasinorum,0,0.49535272928134194,FALSE
Neoromicia zuluensis,0,0.500614322124362,FALSE
Murina suilla,0,0.46439029716809155,TRUE
Macrotus californicus,0,0.8509648104729599,FALSE
Glossophaga longirostris,0,0.8462487106894726,FALSE
Molossops neglectus,0,0.8544379602513675,FALSE
Micronycteris megalotis,0,0.8501495848568459,FALSE
Melonycteris melanops,0,0.5226231529748158,FALSE
Miniopterus fuscus,0,0.5138388586805104,FALSE
Mormopterus beccarii,0,0.5079224665416381,FALSE
Pteropus subniger,0,0.4727536653562387,FALSE
Scotophilus collinus,0,0.5027951769994449,FALSE
Lophostoma silvicolum,0,0.7391753660521498,FALSE
Rhynchonycteris naso,0,0.7798151500425868,FALSE
Chaerephon chapini,0,0.4999035214252578,FALSE
Syconycteris hobbit,0,0.5230007788013229,FALSE
Scotorepens greyii,0,0.5012049764499635,FALSE
Dobsonia chapmani,0,0.4815306107563587,FALSE
Pteropus pilosus,0,0.483740149446104,FALSE
Phoniscus jagorii,0,0.4859622825228199,FALSE
Eptesicus dimissus,0,0.5095023375443969,FALSE
Centurio senex,0,0.49708637763422525,FALSE
Carollia subrufa,0,0.7717001260836105,FALSE
Platymops setiger,0,0.5131174461697514,FALSE
Myopterus whitleyi,0,0.5058099336419533,FALSE
Chiroderma salvini,0,0.5022270978641991,FALSE
Scotophilus borbonicus,0,0.5348462367916132,FALSE
Eptesicus platyops,0,0.4946861666272595,FALSE
Chaerephon johorensis,0,0.5247533180948905,FALSE
Phylloderma stenops,0,0.514501421787063,FALSE
Pteronotus personatus,1,0.5160035375218845,FALSE
Neoromicia flavescens,0,0.5267195805405922,FALSE
Laephotis botswanae,0,0.522027666412157,FALSE
Nyctalus azoreum,0,0.5315100831018318,FALSE
Nyctimene vizcaccia,0,0.554353999430691,FALSE
Vespadelus caurinus,0,0.5247418044396862,FALSE
Pteropus samoensis,0,0.547392761441781,FALSE
Pteropus tonganus,0,0.5392642209965681,FALSE
Pipistrellus aero,0,0.534768935668188,FALSE
Chalinolobus nigrogriseus,0,0.5340969732649778,FALSE
Kerivoula smithii,0,0.5098301728232656,FALSE
Nyctimene major,0,0.5477413868170173,FALSE
Vespadelus finlaysoni,0,0.5295630519794448,FALSE
Hipposideros doriae,0,0.5470984042857717,FALSE
Myotis yanbarensis,0,0.5099089595931792,FALSE
Coelops robinsoni,0,0.5479107021164477,FALSE
Dobsonia praedatrix,0,0.5492737643317676,FALSE
Myotis goudoti,0,0.5159051132754217,FALSE
Hipposideros inornatus,0,0.5533835017733363,FALSE
Scotorepens balstoni,0,0.5387029712025657,FALSE
Mops leucostigma,0,0.5346454271143947,FALSE
Myotis ridleyi,0,0.5113297064334641,FALSE
Glossophaga commissarisi,0,0.8007940247134597,FALSE
Mops trevori,0,0.5405559516730257,FALSE
Kerivoula intermedia,0,0.5128691842761899,FALSE
Pipistrellus adamsi,0,0.5504965315167647,FALSE
Taphozous georgianus,0,0.526983996727014,FALSE
Pteropus loochoensis,0,0.5297596458624009,FALSE
Murina ryukyuana,0,0.5140330316959865,FALSE
Rhinolophus montanus,0,0.5713532945908283,FALSE
Nycteris aurita,0,0.5453093801646208,FALSE
Kerivoula eriophora,0,0.5383921276245934,FALSE
Pteropus yapensis,0,0.5399123525339772,FALSE
Kerivoula minuta,0,0.5190949181117606,FALSE
Pteropus keyensis,0,0.5611898701634195,FALSE
Taphozous hamiltoni,0,0.5518682767691054,FALSE
Myotis abei,0,0.5407307008402692,FALSE
Mops spurrelli,0,0.5553865988983738,FALSE
Myotis morrisi,0,0.501150235756747,FALSE
Glauconycteris beatrix,0,0.5301721058478308,FALSE
Enchisthenes hartii,0,0.5345190803760036,FALSE
Nycteris major,0,0.5354210107064536,FALSE
Pteropus rayneri,0,0.5726161941403155,FALSE
Phoniscus atrox,0,0.5277907888773596,FALSE
Falsistrellus tasmaniensis,0,0.5581047516706855,FALSE
Hipposideros crumeniferus,0,0.5770525258443042,FALSE
Macroderma gigas,0,0.5526555730396586,FALSE
Hipposideros coxi,0,0.5750704566340502,FALSE
Plecotus teneriffae,0,0.5617361334120984,FALSE
Mormopterus acetabulosus,0,0.559051629078513,FALSE
Miniopterus gleni,0,0.5292952903160556,FALSE
Hypsugo macrotis,0,0.5355647601885444,FALSE
Falsistrellus mordax,0,0.5491030774885802,FALSE
Paranyctimene tenax,0,0.5260903206200499,FALSE
Murina aenea,0,0.5291343486834624,FALSE
Taphozous hilli,0,0.5495286217837969,FALSE
Carollia sowelli,1,0.527923241554631,FALSE
Chaerephon shortridgei,0,0.5599002428562452,FALSE
Scotorepens orion,0,0.5738412417677671,FALSE
Hipposideros madurae,0,0.5349683195943821,FALSE
Dobsonia inermis,0,0.5759719412443083,FALSE
Rousettus linduensis,0,0.5301625449659957,FALSE
Hipposideros coronatus,0,0.5796487065746787,FALSE
Myotis ater,0,0.5347544997175537,FALSE
Pteropus ornatus,0,0.5792863827116977,FALSE
Nyctinomops aurispinosus,0,0.5533104823134477,FALSE
Pteralopex atrata,0,0.5858664628324672,FALSE
Scotophilus celebensis,0,0.5651851582981163,FALSE
Miniopterus minor,0,0.5638261403123216,FALSE
Notopteris macdonaldi,0,0.5903354747049522,FALSE
Saccopteryx bilineata,0,0.5696127256644528,FALSE
Pteropus woodfordi,0,0.5771638165114285,FALSE
Hipposideros curtus,0,0.5891670418766366,FALSE
Sauromys petrophilus,0,0.5836787136042967,FALSE
Tadarida lobata,0,0.5642424891245932,FALSE
Artibeus amplus,0,0.5844802351909272,FALSE
Lonchophylla robusta,0,0.8563645105528768,FALSE
Melonycteris woodfordi,0,0.5972957854709875,FALSE
Nyctimene malaitensis,0,0.5933663496613961,FALSE
Pteralopex anceps,0,0.5947088075349605,FALSE
Glauconycteris humeralis,0,0.5519509072851272,FALSE
Pteropus pelewensis,0,0.5692890235723812,FALSE
Vampyrum spectrum,0,0.5805854620274518,FALSE
Hipposideros inexpectatus,0,0.5757307411486787,FALSE
Kerivoula cuprosa,0,0.5593682626511575,FALSE
Hipposideros marisae,0,0.6025242437190909,FALSE
Hypsugo anchietae,0,0.5661328089144733,FALSE
Corynorhinus rafinesquii,0,0.5991208027116535,FALSE
Nycteris javanica,0,0.5829905699439738,FALSE
Nycteris intermedia,0,0.5632511009519878,FALSE
Pteropus mahaganus,0,0.5881858428860718,FALSE
Scotorepens sanborni,0,0.5735898960250798,FALSE
Glauconycteris egeria,0,0.5706758598939011,FALSE
Kerivoula phalaena,0,0.5680413720586778,FALSE
Chiroderma villosum,0,0.5740908839985865,FALSE
Nyctophilus walkeri,0,0.5829950023975302,FALSE
Hipposideros sumbae,0,0.6094460091284519,FALSE
Coleura seychellensis,0,0.5775610235563124,FALSE
Artibeus aztecus,0,0.5833106693029334,FALSE
Cheiromeles parvidens,0,0.5878409671597606,FALSE
Pteropus gilliardorum,0,0.5900292425179403,FALSE
Artibeus hirsutus,0,0.589397083939091,FALSE
Tadarida australis,0,0.5868250592882209,FALSE
Otomops formosus,0,0.5971068708324558,FALSE
Rhogeessa tumida,0,0.5834204289772998,FALSE
Dobsonia pannietensis,0,0.6032757413509746,FALSE
Mormopterus loriae,0,0.6069941379074464,FALSE
Glauconycteris kenyacola,0,0.5947763907600042,FALSE
Hipposideros semoni,0,0.6193553635396812,FALSE
Brachyphylla cavernarum,0,0.6007089288719042,FALSE
Glauconycteris gleni,0,0.5495642190227896,FALSE
Pteropus aruensis,0,0.6198950918874813,FALSE
Rhogeessa parvula,0,0.612898440319417,FALSE
Hipposideros macrobullatus,0,0.6175519629146257,FALSE
Pteropus anetianus,0,0.6147810054545438,FALSE
Pteropus vetulus,0,0.6054904209262515,FALSE
Myotis nipalensis,0,0.5770307606219066,FALSE
Kerivoula flora,0,0.5759235849409656,FALSE
Hypsugo vordermanni,0,0.5995168555006724,FALSE
Miniopterus majori,0,0.5975312125038326,FALSE
Taphozous hildegardeae,0,0.5975969297832928,FALSE
Triaenops auritus,0,0.6377655946168965,FALSE
Mormopterus planiceps,0,0.615216647890177,FALSE
Hypsugo imbricatus,0,0.5635975729667778,FALSE
Scoteanax rueppellii,0,0.6040997425170428,FALSE
Hipposideros papua,0,0.634435623211868,FALSE
Nyctinomops femorosaccus,0,0.6287375871350508,FALSE
Pipistrellus permixtus,0,0.6125706507265564,FALSE
Molossus sinaloae,0,0.6008884869798461,FALSE
Nycteris woodi,0,0.6174454802942533,FALSE
Vespadelus darlingtoni,0,0.6210755606338683,FALSE
Mormopterus jugularis,0,0.6115435643616131,FALSE
Vespadelus douglasorum,0,0.6093480826033685,FALSE
Nycteris parisii,0,0.6239170806155123,FALSE
Glauconycteris superba,0,0.5771664568147479,FALSE
Kerivoula lenis,0,0.5930057841743375,FALSE
Pteronotus gymnonotus,0,0.6178210315987208,FALSE
Hipposideros pelingensis,0,0.6423674081005605,FALSE
Chalinolobus picatus,0,0.6324972332606712,FALSE
Uroderma magnirostrum,0,0.6049944627767012,FALSE
Pteropus rennelli,0,0.6421207044263673,FALSE
Idionycteris phyllotis,0,0.6196160029589544,FALSE
Eumops underwoodi,0,0.6192819175340795,FALSE
Myotis sodalis,0,0.6197908984301299,FALSE
Murina rozendaali,0,0.6009715856632794,FALSE
Pteropus insularis,0,0.6201972760301003,FALSE
Platyrrhinus vittatus,0,0.6267385861455536,FALSE
Taphozous kapalgensis,0,0.6250037371246411,FALSE
Otomops madagascariensis,0,0.6275751539776574,FALSE
Laephotis angolensis,0,0.6290619032947043,FALSE
Hipposideros orbiculus,0,0.6008404161235776,FALSE
Myotis keaysi,0,0.6073844312453844,FALSE
Miniopterus manavi,0,0.6228341741910206,FALSE
Myotis hermani,0,0.6162842583276966,FALSE
Vespadelus troughtoni,0,0.6387858644196057,FALSE
Promops centralis,0,0.623396222733045,FALSE
Myotis moluccarum,0,0.6112984387319508,FALSE
Pipistrellus minahassae,0,0.6220293324980148,FALSE
Arielulus societatis,0,0.6182837536018012,FALSE
Mystacina robusta,0,0.5964249427074877,FALSE
Artibeus glaucus,0,0.6231019729236541,FALSE
Hipposideros maggietaylorae,0,0.659338423729756,FALSE
Cistugo seabrae,0,0.633131197986442,FALSE
Pteropus molossinus,0,0.630246328610561,FALSE
Arielulus cuprosus,0,0.6350528559788235,FALSE
Vampyressa thyone,0,0.6164445341789374,FALSE
Pipistrellus papuanus,0,0.6428625128429282,FALSE
Myotis bucharensis,0,0.6233847872866611,FALSE
Leptonycteris yerbabuenae,0,0.638333775074256,FALSE
Bauerus dubiaquercus,0,0.6505940910088005,FALSE
Chiroderma doriae,0,0.639738122370701,FALSE
Plecotus kolombatovici,0,0.6262998643345609,FALSE
Hesperoptenus doriae,0,0.6352230191189913,FALSE
Myotis stalkeri,0,0.6471820333226814,FALSE
Laephotis namibensis,0,0.6628454563741819,FALSE
Artibeus inopinatus,0,0.6621622200247983,FALSE
Chalinolobus dwyeri,0,0.6716157700585936,FALSE
Hipposideros calcaratus,0,0.6781167672738606,FALSE
Vampyressa pusilla,0,0.6392521223719574,FALSE
Artibeus concolor,0,0.6557199540902398,FALSE
Mops petersoni,0,0.6657500495716954,FALSE
Myotis oreias,0,0.6517715531592289,FALSE
Sturnira aratathomasi,0,0.674422633041205,FALSE
Nyctophilus heran,0,0.666590175227804,FALSE
Myotis ciliolabrum,0,0.6415954293514102,FALSE
Eumops dabbenei,0,0.6653634270095026,FALSE
Pteropus ualanus,0,0.6771052587373323,FALSE
Myzopoda aurita,0,0.6518602592002279,FALSE
Nycteris madagascariensis,0,0.659500286883649,FALSE
Glauconycteris alboguttata,0,0.6502083850486964,FALSE
Noctilio leporinus,0,0.6590412895541518,FALSE
Glauconycteris machadoi,0,0.676532451131462,FALSE
Histiotus humboldti,0,0.6319943143728569,FALSE
Lasiurus atratus,0,0.6319943143728569,FALSE
Phyllonycteris major,0,0.63148423638235,FALSE
Artibeus gnomus,0,0.6591181252279836,FALSE
Myotis fortidens,0,0.6531917365179158,FALSE
Hypsugo kitcheneri,0,0.6679546137133566,FALSE
Cistugo lesueuri,0,0.6815176396119611,FALSE
Pteronotus pristinus,0,0.6361183864756643,FALSE
Hipposideros muscinus,0,0.7008133182657047,FALSE
Pteropus tuberculatus,0,0.6787614747847153,FALSE
Trachops cirrhosus,0,0.6692568877404552,FALSE
Myotis occultus,0,0.6501741378943251,FALSE
Kerivoula africana,0,0.6378603333297651,FALSE
Pipistrellus sturdeei,0,0.6378399302101448,FALSE
Mormoops magna,0,0.638180422527068,FALSE
Myotis melanorhinus,0,0.6794078305842396,FALSE
Choeronycteris mexicana,0,0.6729359143102703,FALSE
Glischropus javanus,0,0.6462668372275779,FALSE
Brachyphylla nana,0,0.6800361812223912,FALSE
Rhogeessa gracilis,0,0.6876720451168052,FALSE
Nyctophilus howensis,0,0.6402424585784717,FALSE
Hipposideros sorenseni,0,0.648780324181747,FALSE
Hipposideros scutinares,0,0.6411589190457623,FALSE
Platyrrhinus dorsalis,0,0.6783816092225166,FALSE
Vespadelus vulturnus,0,0.6818042513416542,FALSE
Myotis alcathoe,0,0.6420753795130527,FALSE
Rhogeessa alleni,0,0.6915658932370398,FALSE
Molossus pretiosus,0,0.6787519995659641,FALSE
Rhogeessa io,0,0.6679563226255729,FALSE
Pipistrellus collinus,0,0.6846440528691368,FALSE
Pteralopex pulchra,0,0.6937913198524633,FALSE
Mormopterus doriae,0,0.6861674365101924,FALSE
Emballonura atrata,0,0.6791540192829033,FALSE
Neoromicia brunneus,0,0.6538581165742723,FALSE
Myotis elegans,0,0.66740610358429,FALSE
Hipposideros thomensis,0,0.7134627405705506,FALSE
Hipposideros corynophyllus,0,0.7117988938162034,FALSE
Peropteryx kappleri,0,0.6694304432018693,FALSE
Hypsugo crassulus,0,0.6480507583096397,FALSE
Pteropus cognatus,0,0.6983932238339772,FALSE
Hylonycteris underwoodi,0,0.6793209340202059,FALSE
Eptesicus kobayashii,0,0.6509607866679399,FALSE
Plecotus balensis,0,0.6598042546796089,FALSE
Notopteris neocaledonica,0,0.7108840919173885,FALSE
Eumops bonariensis,0,0.6864324888796316,FALSE
Hipposideros wollastoni,0,0.7230846472235166,FALSE
Aselliscus tricuspidatus,0,0.71461549785952,FALSE
Rhinolophus ziama,0,0.6562325098423828,FALSE
Mormopterus norfolkensis,0,0.7210812680934674,FALSE
Platyrrhinus umbratus,0,0.6917243094574438,FALSE
Myotis australis,0,0.6733014288856438,FALSE
Stenoderma rufum,0,0.6969398142098617,FALSE
Noctilio albiventris,0,0.6966847348319434,FALSE
Miniopterus shortridgei,0,0.6938626544909582,FALSE
Platyrrhinus recifinus,0,0.6889370190512001,FALSE
Glauconycteris curryae,0,0.6723872218467217,FALSE
Peropteryx macrotis,0,0.6907856307671222,FALSE
Balantiopteryx plicata,0,0.714093432512912,FALSE
Pteralopex acrodonta,0,0.7020209903422856,FALSE
Phyllostomus elongatus,0,0.7110365418868808,FALSE
Pipistrellus angulatus,0,0.7096121256577885,FALSE
Hypsugo lophurus,0,0.6747051232618848,FALSE
Lasiurus salinae,0,0.6861802451150385,FALSE
Corynorhinus mexicanus,0,0.7147037675442997,FALSE
Chalinolobus tuberculatus,0,0.7226197474300345,FALSE
Pipistrellus wattsi,0,0.7293270913396084,FALSE
Mops niangarae,0,0.7283632477677457,FALSE
Artibeus watsoni,0,0.7079836789098852,FALSE
Murina florium,0,0.695268105765761,FALSE
Ardops nichollsi,0,0.7099694174415727,FALSE
Taphozous troughtoni,0,0.7151675431401674,FALSE
Plecotus sardus,0,0.6739394240397749,FALSE
Histiotus laephotis,0,0.7339370189399438,FALSE
Pteropus howensis,0,0.6994659741818712,FALSE
Myotis anjouanensis,0,0.7112858897952731,FALSE
Plecotus alpinus,0,0.678292611259405,FALSE
Platyrrhinus aurarius,0,0.7269865179302608,FALSE
Platyrrhinus infuscus,0,0.7324189527591356,FALSE
Promops nasutus,0,0.7282680528587829,FALSE
Emballonura raffrayana,0,0.7226133863938425,FALSE
Pteronotus macleayii,0,0.7451373310570346,FALSE
Rhogeessa minutilla,0,0.7186208026887428,FALSE
Lasiurus varius,0,0.7074642113121388,FALSE
Chiroderma improvisum,0,0.7336445610250504,FALSE
Miniopterus macrocneme,0,0.7340684637456895,FALSE
Carollia castanea,0,0.7280096058433728,FALSE
Sturnira bogotensis,0,0.7285187455659893,FALSE
Mosia nigrescens,0,0.7279920481490709,FALSE
Pygoderma bilabiatum,0,0.7266368638281404,FALSE
Tonatia bidens,0,0.7297027382861635,FALSE
Myotis ruber,0,0.7254991942251191,FALSE
Artibeus fraterculus,0,0.7532043974563851,FALSE
Taphozous achates,0,0.7403307315231078,FALSE
Pteropus nitendiensis,0,0.722792017591301,FALSE
Chalinolobus neocaledonicus,0,0.7609940871392125,FALSE
Cynomops paranus,0,0.7373648948392832,FALSE
Artibeus anderseni,0,0.7573379211055233,FALSE
Nyctimene keasti,0,0.7120773057836544,FALSE
Myotis oxyotus,0,0.7305036733827706,FALSE
Anthops ornatus,0,0.7808119680775578,FALSE
Miniopterus paululus,0,0.7373448429610193,FALSE
Mimon bennettii,0,0.7314333955395986,FALSE
Pteropus fundatus,0,0.7322951555288988,FALSE
Histiotus alienus,0,0.753609879366984,FALSE
Rhinophylla pumilio,0,0.7394760986828284,FALSE
Rhogeessa aeneus,0,0.7476834595219584,FALSE
Choeroniscus godmani,0,0.7461086515079874,FALSE
Molossops mattogrossensis,0,0.754964507345653,FALSE
Nycteris vinsoni,0,0.7598333212684909,FALSE
Erophylla sezekorni,0,0.7430595832959851,FALSE
Molossus aztecus,0,0.7659706089440512,FALSE
Platyrrhinus brachycephalus,0,0.746212866057609,FALSE
Rhogeessa mira,0,0.7602531994243166,FALSE
Anoura cultrata,0,0.7624771016422258,FALSE
Ametrida centurio,0,0.7475822328291621,FALSE
Macrotus waterhousii,0,0.7527406036766235,FALSE
Phoniscus papuensis,0,0.7559786344398562,FALSE
Myotis vivesi,0,0.7681468458714263,FALSE
Chaerephon gallagheri,0,0.768446448195324,FALSE
Histiotus macrotus,0,0.763892491075664,FALSE
Hypsugo musciculus,0,0.7235366413156143,FALSE
Myotis planiceps,0,0.7655715669441896,FALSE
Eptesicus guadeloupensis,0,0.7666566258080736,FALSE
Chiroderma trinitatum,0,0.7568690143746443,FALSE
Phoniscus aerosa,0,0.71833316655233,FALSE
Myotis simus,0,0.7530925907716711,FALSE
Otomops johnstonei,0,0.7304295601885964,FALSE
Myotis auriculus,0,0.7630126992162766,FALSE
Taphozous australis,0,0.7753066345961672,FALSE
Lasiurus insularis,0,0.757627919097567,FALSE
Hesperoptenus gaskelli,0,0.743376480343914,FALSE
Phyllostomus latifolius,0,0.78877055334309,FALSE
Saccolaimus mixtus,0,0.7731809306927164,FALSE
Molossops temminckii,0,0.779455573712668,FALSE
Macrophyllum macrophyllum,0,0.7565463308934092,FALSE
Myotis nesopolus,0,0.7663523897926688,FALSE
Nycticeius aenobarbus,0,0.7249092272371919,FALSE
Cynomops mexicanus,0,0.7760061464653003,FALSE
Eptesicus innoxius,0,0.778015480555334,FALSE
Sturnira magna,0,0.78122529146463,FALSE
Cynomops greenhalli,0,0.7752858398828294,FALSE
Anoura latidens,0,0.7724580396233525,FALSE
Nycticeius cubanus,0,0.7723466170540133,FALSE
Nyctophilus microtis,0,0.7658660124172676,FALSE
Eptesicus andinus,0,0.768926908561352,FALSE
Thyroptera tricolor,0,0.7749476861278397,FALSE
Hipposideros demissus,0,0.8149284063440885,FALSE
Vampyressa bidens,0,0.7701205778394229,FALSE
Pteronotus quadridens,0,0.8015297154882888,FALSE
Mimon cozumelae,0,0.7790181448619296,FALSE
Chaerephon bregullae,0,0.8152083486649385,FALSE
Sturnira bidens,0,0.7802376920331493,FALSE
Otomops secundus,0,0.7722852940930707,FALSE
Lonchophylla mordax,0,0.7816577042150012,FALSE
Lasiurus pfeifferi,0,0.7744363339041228,FALSE
Vampyressa nymphaea,0,0.789802055528525,FALSE
Emballonura furax,0,0.7997320904520316,FALSE
Chaerephon tomensis,0,0.7524704573896757,FALSE
Sturnira oporaphilum,0,0.7864876404496983,FALSE
Myotis aelleni,0,0.7971218051997807,FALSE
Mormopterus minutus,0,0.8084801955012176,FALSE
Sturnira luisi,0,0.7895524337361562,FALSE
Eumops maurus,0,0.8021489110255654,FALSE
Hipposideros dinops,0,0.8155145469119026,FALSE
Eptesicus chiriquinus,0,0.7830786473666873,FALSE
Lasiurus minor,0,0.7795834091784306,FALSE
Eumops trumbulli,0,0.8034056394482214,FALSE
Micronycteris microtis,0,0.7862416601163834,FALSE
Glyphonycteris sylvestris,0,0.782431930031425,FALSE
Saccopteryx leptura,0,0.7944479428682898,FALSE
Mormoops blainvillei,0,0.8072478913290175,FALSE
Furipterus horrens,0,0.8010640744070292,FALSE
Nyctiellus lepidus,0,0.8083380295504046,FALSE
Glyphonycteris daviesi,0,0.8007848923724032,FALSE
Rhinolophus maendeleo,0,0.7686275744537376,FALSE
Molossus currentium,0,0.8076447119546462,FALSE
Chaerephon solomonis,0,0.8311318237538278,FALSE
Kerivoula muscina,0,0.7982617972805773,FALSE
Molossus coibensis,0,0.8120101252698286,FALSE
Rhinophylla fischerae,0,0.8034201072871536,FALSE
Pharotis imogene,0,0.8133487115198534,FALSE
Phyllops falcatus,0,0.8057928587535296,FALSE
Vampyressa brocki,0,0.8099927922412484,FALSE
Lophostoma brasiliense,0,0.806335902960754,FALSE
Histiotus magellanicus,0,0.8215279659746735,FALSE
Nyctophilus microdon,0,0.8119399071853515,FALSE
Sturnira thomasi,0,0.8083955137120339,FALSE
Tonatia saurophila,0,0.8100898299596514,FALSE
Sturnira mordax,0,0.8149639345102357,FALSE
Myotis peninsularis,0,0.820855776489299,FALSE
Mormopterus kalinowskii,0,0.8452786861810515,FALSE
Tadarida kuboriensis,0,0.8246907168362037,FALSE
Myotis dominicensis,0,0.8115236091837704,FALSE
Otomops papuensis,0,0.8366136298421161,FALSE
Ectophylla alba,0,0.8183327177647922,FALSE
Emballonura semicaudata,0,0.8302590134997867,FALSE
Centronycteris maximiliani,0,0.8198008864385431,FALSE
Rhinolophus sakejiensis,0,0.7867544325189674,FALSE
Monophyllus redmani,0,0.8214018895147216,FALSE
Centronycteris centralis,0,0.8325691804810011,FALSE
Natalus primus,0,0.8370018499734355,FALSE
Myotis martiniquensis,0,0.8228814163014796,FALSE
Sphaeronycteris toxophyllum,0,0.8265723487345562,FALSE
Glossophaga leachii,0,0.8264440012935604,FALSE
Chilonatalus tumidifrons,0,0.8514448337410703,FALSE
Emballonura dianae,0,0.8479913574528953,FALSE
Vampyressa melissa,0,0.8309322957566269,FALSE
Pteropus banakrisi,0,0.794832632105132,FALSE
Kerivoula agnella,0,0.8413467516966545,FALSE
Erophylla bombifrons,0,0.8343115165085168,FALSE
Diclidurus scutatus,0,0.8460215567374103,FALSE
Cormura brevirostris,0,0.8402294146902594,FALSE
Myotis atacamensis,0,0.8467037676878983,FALSE
Lonchophylla thomasi,0,0.8411870187510058,FALSE
Thyroptera discifera,0,0.8526677679781058,FALSE
Diclidurus ingens,0,0.8526713178470202,FALSE
Phyllonycteris poeyi,0,0.8414311800922649,FALSE
Balantiopteryx io,0,0.8562427832339692,FALSE
Kerivoula myrella,0,0.8478569956009473,FALSE
Saccopteryx canescens,0,0.8563867383596033,FALSE
Natalus major,0,0.8597151614585262,FALSE
Emballonura beccarii,0,0.8581973388850922,FALSE
Molossus barnesi,0,0.8687154165928525,FALSE
Platyrrhinus chocoensis,0,0.863964532859852,FALSE
Lionycteris spurrelli,0,0.850888998480999,FALSE
Platalina genovensium,0,0.8542751308460174,FALSE
Micronycteris schmidtorum,0,0.85268682037254,FALSE
Lophostoma carrikeri,0,0.8575715123312563,FALSE
Lasiurus castaneus,0,0.8545191019871473,FALSE
Scleronycteris ega,0,0.8736786537819119,FALSE
Monophyllus plethodon,0,0.8547441404453507,FALSE
Tomopeas ravus,0,0.8834740920215138,FALSE
Choeroniscus minor,0,0.8582743680189047,FALSE
Chilonatalus micropus,0,0.8721634196701973,FALSE
Nyctimene sanctacrucis,0,0.8217330757392378,FALSE
Eumops hansae,0,0.8665833866213818,FALSE
Miniopterus robustior,0,0.8838315863206027,FALSE
Diclidurus isabellus,0,0.8746091126835143,FALSE
Rhogeessa genowaysi,0,0.865566151358189,FALSE
Lophostoma evotis,0,0.8584151620495049,FALSE
Lasiurus degelidus,0,0.8609721664827166,FALSE
Myotis findleyi,0,0.8652444996446076,FALSE
Micronycteris minuta,0,0.8615586584160182,FALSE
Amorphochilus schnablii,0,0.88755109984402,FALSE
Lonchophylla bokermanni,0,0.8717424459057574,FALSE
Myotis insularum,0,0.8685212223757413,FALSE
Mormopterus phrudus,0,0.8924135286916938,FALSE
Rhinophylla alethina,0,0.8721656507608999,FALSE
Saccopteryx gymnura,0,0.8848221545654658,FALSE
Ariteus flavescens,0,0.8771591444890539,FALSE
Phyllonycteris aphylla,0,0.851875191120433,FALSE
Peropteryx trinitatis,0,0.884711886662993,FALSE
Molossops aequatorianus,0,0.8941230896385155,FALSE
Sturnira nana,0,0.8792605935891853,FALSE
Musonycteris harrisoni,0,0.8780021218500635,FALSE
Lasiurus ebenus,0,0.8474916625663409,FALSE
Balantiopteryx infusca,0,0.9010922109240853,FALSE
Micronycteris hirsuta,0,0.8868885280769933,FALSE
Natalus jamaicensis,0,0.900977471333578,FALSE
Lonchophylla dekeyseri,0,0.8957834107316153,FALSE
Lampronycteris brachyotis,0,0.8894455914736746,FALSE
Cyttarops alecto,0,0.896390669151757,FALSE
Lonchophylla handleyi,0,0.9071083948776435,FALSE
Peropteryx leucoptera,0,0.9012532338732693,FALSE
Carollia colombiana,0,0.8593648424018772,FALSE
Trinycteris nicefori,0,0.8977610320849863,FALSE
Choeroniscus periosus,0,0.9085936874175994,FALSE
Lonchophylla hesperia,0,0.9135237272542017,FALSE
Lophostoma schulzi,0,0.9077857996687713,FALSE
Glyphonycteris behnii,0,0.9125700841093068,FALSE
Lonchorhina marinkellei,0,0.9172198328374137,FALSE
Pteralopex taki,0,0.8731271127839894,FALSE
Melonycteris fardoulisi,0,0.881212032032642,FALSE
Lonchorhina orinocensis,0,0.9253365216667797,FALSE
Hipposideros edwardshilli,0,0.8919519987714417,FALSE
Lonchorhina fernandezi,0,0.9460967924477574,FALSE
Sturnira mistratensis,0,0.9061511342436899,FALSE
Neonycteris pusilla,0,0.9563407326912002,FALSE
Rhogeessa hussoni,0,0.9155291317147971,FALSE
Myotis cobanensis,0,0.9400456455222637,FALSE
Mimon koepckeae,0,0.9727743271158366,FALSE
Artibeus incomitatus,0,0.9293763744066345,FALSE
Micronycteris homezi,0,0.9567279107840609,FALSE
Nyctophilus nebulosus,0,0.9396674725137883,FALSE
Anoura luismanueli,0,0.9454127526685967,FALSE
Emballonura serii,0,0.9529969555287414,FALSE
Saccopteryx antioquensis,0,0.9578665814555,FALSE
Lonchorhina inusitata,0,0.9642894864129108,FALSE
Thyroptera lavali,0,0.9699217094519967,FALSE
Micronycteris sanborni,0,0.9790234248504193,FALSE
Micronycteris brosseti,0,0.98954231710464,FALSE
Micronycteris matses,0,1,FALSE
