"","host_species","preds"
"1","Paranyctimene_raptor",0.121212121212115
"2","Nyctimene_aello",0.121212121212115
"3","Nyctimene_certans",0.121212121212115
"4","Nyctimene_cyclotis",0.121212121212115
"5","Nyctimene_major",0.121212121212115
"6","Nyctimene_robinsoni",0.121212121212115
"7","Nyctimene_albiventer",0.121212121212115
"8","Nyctimene_draconilla",0.121212121212115
"9","Nyctimene_minutus",0.0471124626817564
"10","Nyctimene_cephalotes",0.0471124626817564
"11","Nyctimene_rabori",0.0471124626817564
"12","Nyctimene_malaitensis",0.0471124626817564
"13","Nyctimene_masalai",0.0471124626817564
"14","Nyctimene_vizcaccia",0.0471124626817564
"15","Sphaerias_blanfordi",0.121212121212115
"16","Alionycteris_paucidentata",0.0471124626817564
"17","Otopteropus_cartilagonodus",0.121212121212115
"18","Haplonycteris_fischeri",0.0471124626817564
"19","Latidens_salimalii",0.0471124626817564
"20","Penthetor_lucasi",0.0471124626817564
"21","Thoopterus_nigrescens",0.0471124626817564
"22","Aethalops_alecto",0.0471124626817564
"23","Aethalops_aequalis",0.0471124626817564
"24","Balionycteris_maculata",0.0471124626817564
"25","Chironax_melanocephalus",0.0471124626817564
"26","Dyacopterus_spadiceus",0.0471124626817564
"27","Dyacopterus_brooksi",0.0471124626817564
"28","Ptenochirus_jagori",0.0471124626817564
"29","Ptenochirus_minor",0.0471124626817564
"30","Megaerops_ecaudatus",0.0471124626817564
"31","Megaerops_kusnotoi",0.0471124626817564
"32","Megaerops_niphanae",0.0471124626817564
"33","Megaerops_wetmorei",0.0471124626817564
"34","Cynopterus_sphinx",0.0471124626817564
"35","Cynopterus_brachyotis",0.0471124626817564
"36","Cynopterus_luzoniensis",0.0471124626817564
"37","Cynopterus_minutus",0.0471124626817564
"38","Cynopterus_nusatenggara",0.0471124626817564
"39","Cynopterus_horsfieldii",0.0471124626817564
"40","Cynopterus_titthaecheilus",0.121212121212115
"41","Rousettus_bidens",0.121212121212115
"42","Lissonycteris_angolensis",0.121212121212115
"43","Megaloglossus_woermanni",0.121212121212115
"44","Eidolon_helvum",0.121212121212115
"45","Eidolon_dupreanum",0.121212121212115
"46","Myonycteris_relicta",0.121212121212115
"47","Myonycteris_brachycephala",0.121212121212115
"48","Myonycteris_torquata",0.0471124626817564
"49","Rousettus_lanosus",0.0471124626817564
"50","Rousettus_aegyptiacus",0.0471124626817564
"51","Rousettus_amplexicaudatus",0.0471124626817564
"52","Rousettus_celebensis",0.0471124626817564
"53","Rousettus_leschenaultii",0.121212121212115
"54","Rousettus_madagascariensis",0.0471124626817564
"55","Rousettus_obliviosus",0.0471124626817564
"56","Rousettus_spinalatus",0.0471124626817564
"57","Plerotes_anchietae",0.0471124626817564
"58","Casinycteris_argynnis",0.121212121212115
"59","Scotonycteris_ophiodon",0.121212121212115
"60","Scotonycteris_zenkeri",0.121212121212115
"61","Nanonycteris_veldkampii",0.0471124626817564
"62","Hypsignathus_monstrosus",0.0471124626817564
"63","Epomops_buettikoferi",0.0471124626817564
"64","Epomops_dobsonii",0.0471124626817564
"65","Epomops_franqueti",0.0471124626817564
"66","Micropteropus_intermedius",0.0471124626817564
"67","Micropteropus_pusillus",0.0471124626817564
"68","Epomophorus_wahlbergi",0.0471124626817564
"69","Epomophorus_angolensis",0.0471124626817564
"70","Epomophorus_gambianus",0.0471124626817564
"71","Epomophorus_crypturus",0.0471124626817564
"72","Epomophorus_grandis",0.0471124626817564
"73","Epomophorus_labiatus",0.0471124626817564
"74","Epomophorus_minor",0.0471124626817564
"75","Epomophorus_minimus",0.0471124626817564
"76","Eonycteris_major",0.0471124626817564
"77","Eonycteris_robusta",0.0471124626817564
"78","Eonycteris_spelaea",0.0471124626817564
"79","Macroglossus_minimus",0.0471124626817564
"80","Macroglossus_sobrinus",0.0471124626817564
"81","Syconycteris_australis",0.0471124626817564
"82","Syconycteris_carolinae",0.0471124626817564
"83","Syconycteris_hobbit",0.0471124626817564
"84","Notopteris_macdonaldi",0.0471124626817564
"85","Notopteris_neocaledonica",0.0471124626817564
"86","Melonycteris_melanops",0.0471124626817564
"87","Melonycteris_woodfordi",0.0471124626817564
"88","Harpyionycteris_celebensis",0.0471124626817564
"89","Harpyionycteris_whiteheadi",0.0471124626817564
"90","Aproteles_bulmerae",0.0471124626817564
"91","Dobsonia_beauforti",0.0471124626817564
"92","Dobsonia_inermis",0.0471124626817564
"93","Dobsonia_praedatrix",0.0471124626817564
"94","Dobsonia_viridis",0.0471124626817564
"95","Dobsonia_crenulata",0.121212121212115
"96","Dobsonia_minor",0.0471124626817564
"97","Dobsonia_peronii",0.0471124626817564
"98","Dobsonia_emersa",0.0471124626817564
"99","Dobsonia_exoleta",0.0471124626817564
"100","Dobsonia_moluccensis",0.0471124626817564
"101","Dobsonia_magna",0.0471124626817564
"102","Dobsonia_anderseni",0.0471124626817564
"103","Dobsonia_pannietensis",0.121212121212115
"104","Styloctenium_wallacei",0.121212121212115
"105","Neopteryx_frosti",0.121212121212115
"106","Pteralopex_acrodonta",0.121212121212115
"107","Pteralopex_anceps",0.121212121212115
"108","Pteralopex_atrata",0.121212121212115
"109","Pteralopex_pulchra",0.0471124626817564
"110","Acerodon_celebensis",0.0471124626817564
"111","Acerodon_humilis",0.0471124626817564
"112","Acerodon_jubatus",0.121212121212115
"113","Acerodon_leucotis",0.0471124626817564
"114","Acerodon_mackloti",0.0471124626817564
"115","Pteropus_speciosus",0.0471124626817564
"116","Pteropus_neohibernicus",0.0471124626817564
"117","Pteropus_howensis",0.0471124626817564
"118","Pteropus_ornatus",0.121212121212115
"119","Pteropus_pumilus",0.121212121212115
"120","Pteropus_melanotus",0.121212121212115
"121","Pteropus_hypomelanus",0.121212121212115
"122","Pteropus_griseus",0.121212121212115
"123","Pteropus_admiralitatum",0.121212121212115
"124","Pteropus_alecto",0.121212121212115
"125","Pteropus_faunulus",0.121212121212115
"126","Pteropus_dasymallus",0.0471124626817564
"127","Pteropus_livingstonii",0.0471124626817564
"128","Pteropus_melanopogon",0.121212121212115
"129","Pteropus_aruensis",0.121212121212115
"130","Pteropus_keyensis",0.121212121212115
"131","Pteropus_caniceps",0.121212121212115
"132","Pteropus_conspicillatus",0.0471124626817564
"133","Pteropus_ocularis",0.121212121212115
"134","Pteropus_anetianus",0.121212121212115
"135","Pteropus_samoensis",0.121212121212115
"136","Pteropus_mariannus",0.121212121212115
"137","Pteropus_pelewensis",0.121212121212115
"138","Pteropus_ualanus",0.121212121212115
"139","Pteropus_yapensis",0.121212121212115
"140","Pteropus_loochoensis",0.121212121212115
"141","Pteropus_tonganus",0.121212121212115
"142","Pteropus_personatus",0.121212121212115
"143","Pteropus_temminckii",0.121212121212115
"144","Pteropus_capistratus",0.121212121212115
"145","Pteropus_macrotis",0.121212121212115
"146","Pteropus_pohlei",0.121212121212115
"147","Pteropus_poliocephalus",0.121212121212115
"148","Pteropus_lombocensis",0.0471124626817564
"149","Pteropus_molossinus",0.121212121212115
"150","Pteropus_rodricensis",0.121212121212115
"151","Pteropus_chrysoproctus",0.121212121212115
"152","Pteropus_fundatus",0.121212121212115
"153","Pteropus_rayneri",0.121212121212115
"154","Pteropus_rennelli",0.121212121212115
"155","Pteropus_cognatus",0.121212121212115
"156","Pteropus_giganteus",0.121212121212115
"157","Pteropus_lylei",0.121212121212115
"158","Pteropus_vampyrus",0.121212121212115
"159","Pteropus_intermedius",0.0471124626817564
"160","Pteropus_gilliardorum",0.121212121212115
"161","Pteropus_mahaganus",0.121212121212115
"162","Pteropus_scapulatus",0.121212121212115
"163","Pteropus_woodfordi",0.121212121212115
"164","Pteropus_aldabrensis",0.121212121212115
"165","Pteropus_seychellensis",0.121212121212115
"166","Pteropus_niger",0.121212121212115
"167","Pteropus_rufus",0.121212121212115
"168","Pteropus_voeltzkowi",0.121212121212115
"169","Pteropus_insularis",0.121212121212115
"170","Pteropus_leucopterus",0.121212121212115
"171","Pteropus_nitendiensis",0.121212121212115
"172","Pteropus_pselaphon",0.121212121212115
"173","Pteropus_tuberculatus",0.121212121212115
"174","Pteropus_vetulus",0.0471124626817564
"175","Saccolaimus_peli",0.0471124626817564
"176","Saccolaimus_flaviventris",0.0471124626817564
"177","Saccolaimus_mixtus",0.0471124626817564
"178","Saccolaimus_saccolaimus",0.0471124626817564
"179","Taphozous_hamiltoni",0.0471124626817564
"180","Taphozous_nudiventris",0.0471124626817564
"181","Taphozous_theobaldi",0.0471124626817564
"182","Taphozous_hilli",0.0471124626817564
"183","Taphozous_australis",0.0471124626817564
"184","Taphozous_georgianus",0.0471124626817564
"185","Taphozous_troughtoni",0.0471124626817564
"186","Taphozous_kapalgensis",0.0471124626817564
"187","Taphozous_hildegardeae",0.0471124626817564
"188","Taphozous_longimanus",0.0471124626817564
"189","Taphozous_mauritianus",0.0471124626817564
"190","Taphozous_perforatus",0.0471124626817564
"191","Taphozous_melanopogon",0.0471124626817564
"192","Taphozous_achates",0.0471124626817564
"193","Mosia_nigrescens",0.0471124626817564
"194","Emballonura_atrata",0.0471124626817564
"195","Emballonura_beccarii",0.0471124626817564
"196","Emballonura_dianae",0.0471124626817564
"197","Emballonura_furax",0.0471124626817564
"198","Emballonura_raffrayana",0.0471124626817564
"199","Emballonura_semicaudata",0.0471124626817564
"200","Coleura_afra",0.0471124626817564
"201","Coleura_seychellensis",0.0471124626817564
"202","Emballonura_alecto",0.0471124626817564
"203","Emballonura_monticola",0.0471124626817564
"204","Rhynchonycteris_naso",0.0471124626817564
"205","Cyttarops_alecto",0.0471124626817564
"206","Diclidurus_isabellus",0.0471124626817564
"207","Diclidurus_scutatus",0.0471124626817564
"208","Diclidurus_albus",0.0471124626817564
"209","Diclidurus_ingens",0.0471124626817564
"210","Centronycteris_maximiliani",0.0471124626817564
"211","Centronycteris_centralis",0.0471124626817564
"212","Cormura_brevirostris",0.0471124626817564
"213","Saccopteryx_bilineata",0.0471124626817564
"214","Saccopteryx_leptura",0.0471124626817564
"215","Saccopteryx_gymnura",0.0471124626817564
"216","Saccopteryx_canescens",0.0471124626817564
"217","Balantiopteryx_io",0.0471124626817564
"218","Balantiopteryx_infusca",0.0471124626817564
"219","Balantiopteryx_plicata",0.0471124626817564
"220","Peropteryx_leucoptera",0.0471124626817564
"221","Peropteryx_kappleri",0.0471124626817564
"222","Peropteryx_macrotis",0.0471124626817564
"223","Peropteryx_trinitatis",0.0471124626817564
"224","Craseonycteris_thonglongyai",0.0471124626817564
"225","Rhinopoma_hardwickii",0.0471124626817564
"226","Rhinopoma_macinnesi",0.0471124626817564
"227","Rhinopoma_microphyllum",0.0471124626817564
"228","Rhinopoma_muscatellum",0.0471124626817564
"229","Cardioderma_cor",0.0471124626817564
"230","Lavia_frons",0.0471124626817564
"231","Macroderma_gigas",0.0471124626817564
"232","Megaderma_lyra",0.0471124626817564
"233","Megaderma_spasma",0.0471124626817564
"234","Nycteris_javanica",0.0471124626817564
"235","Nycteris_tragata",0.0471124626817564
"236","Nycteris_arge",0.0471124626817564
"237","Nycteris_intermedia",0.0471124626817564
"238","Nycteris_major",0.121212121212115
"239","Nycteris_nana",0.0471124626817564
"240","Nycteris_gambiensis",0.0471124626817564
"241","Nycteris_thebaica",0.121212121212115
"242","Nycteris_grandis",0.121212121212115
"243","Nycteris_hispida",0.0471124626817564
"244","Nycteris_aurita",0.0471124626817564
"245","Nycteris_macrotis",0.0471124626817564
"246","Nycteris_vinsoni",0.0471124626817564
"247","Nycteris_madagascariensis",0.0471124626817564
"248","Nycteris_woodi",0.121212121212115
"249","Nycteris_parisii",0.121212121212115
"250","Rhinolophus_monoceros",0.121212121212115
"251","Rhinolophus_pusillus",0.121212121212115
"252","Rhinolophus_osgoodi",0.121212121212115
"253","Rhinolophus_cornutus",0.121212121212115
"254","Rhinolophus_lepidus",0.121212121212115
"255","Rhinolophus_shortridgei",0.121212121212115
"256","Rhinolophus_imaizumii",0.121212121212115
"257","Rhinolophus_cognatus",0.121212121212115
"258","Rhinolophus_subbadius",0.121212121212115
"259","Rhinolophus_acuminatus",0.121212121212115
"260","Rhinolophus_adami",0.121212121212115
"261","Rhinolophus_affinis",0.121212121212115
"262","Rhinolophus_alcyone",0.121212121212115
"263","Rhinolophus_arcuatus",0.121212121212115
"264","Rhinolophus_blasii",0.121212121212115
"265","Rhinolophus_capensis",0.121212121212115
"266","Rhinolophus_celebensis",0.121212121212115
"267","Rhinolophus_madurensis",0.121212121212115
"268","Rhinolophus_clivosus",0.121212121212115
"269","Rhinolophus_bocharicus",0.121212121212115
"270","Rhinolophus_hillorum",0.121212121212115
"271","Rhinolophus_coelophyllus",0.121212121212115
"272","Rhinolophus_darlingi",0.121212121212115
"273","Rhinolophus_deckenii",0.121212121212115
"274","Rhinolophus_denti",0.121212121212115
"275","Rhinolophus_eloquens",0.121212121212115
"276","Rhinolophus_euryotis",0.121212121212115
"277","Rhinolophus_ferrumequinum",0.121212121212115
"278","Rhinolophus_fumigatus",0.121212121212115
"279","Rhinolophus_hildebrandtii",0.121212121212115
"280","Rhinolophus_hipposideros",0.121212121212115
"281","Rhinolophus_inops",0.121212121212115
"282","Rhinolophus_keyensis",0.121212121212115
"283","Rhinolophus_luctus",0.121212121212115
"284","Rhinolophus_beddomei",0.121212121212115
"285","Rhinolophus_formosae",0.121212121212115
"286","Rhinolophus_maclaudi",0.121212121212115
"287","Rhinolophus_hilli",0.121212121212115
"288","Rhinolophus_ruwenzorii",0.121212121212115
"289","Rhinolophus_macrotis",0.121212121212115
"290","Rhinolophus_siamensis",0.121212121212115
"291","Rhinolophus_malayanus",0.121212121212115
"292","Rhinolophus_marshalli",0.121212121212115
"293","Rhinolophus_megaphyllus",0.121212121212115
"294","Rhinolophus_mitratus",0.121212121212115
"295","Rhinolophus_paradoxolophus",0.121212121212115
"296","Rhinolophus_pearsonii",0.121212121212115
"297","Rhinolophus_philippinensis",0.121212121212115
"298","Rhinolophus_montanus",0.121212121212115
"299","Rhinolophus_rex",0.121212121212115
"300","Rhinolophus_robinsoni",0.121212121212115
"301","Rhinolophus_rouxii",0.121212121212115
"302","Rhinolophus_sinicus",0.121212121212115
"303","Rhinolophus_rufus",0.121212121212115
"304","Rhinolophus_sedulus",0.121212121212115
"305","Rhinolophus_shameli",0.121212121212115
"306","Rhinolophus_silvestris",0.121212121212115
"307","Rhinolophus_simulator",0.121212121212115
"308","Rhinolophus_stheno",0.0471124626817564
"309","Rhinolophus_subrufus",0.0471124626817564
"310","Rhinolophus_swinnyi",0.0471124626817564
"311","Rhinolophus_thomasi",0.0471124626817564
"312","Rhinolophus_trifoliatus",0.0471124626817564
"313","Rhinolophus_virgo",0.0471124626817564
"314","Rhinolophus_yunanensis",0.0471124626817564
"315","Rhinolophus_nereis",0.121212121212115
"316","Rhinolophus_borneensis",0.0471124626817564
"317","Rhinolophus_canuti",0.0471124626817564
"318","Rhinolophus_creaghi",0.0471124626817564
"319","Rhinolophus_mehelyi",0.0471124626817564
"320","Rhinolophus_euryale",0.0471124626817564
"321","Rhinolophus_landeri",0.0471124626817564
"322","Rhinolophus_guineensis",0.0471124626817564
"323","Paracoelops_megalotis",0.0471124626817564
"324","Coelops_frithii",0.0471124626817564
"325","Coelops_robinsoni",0.0471124626817564
"326","Rhinonicteris_aurantia",0.0471124626817564
"327","Triaenops_furculus",0.0471124626817564
"328","Triaenops_auritus",0.0471124626817564
"329","Triaenops_persicus",0.0471124626817564
"330","Triaenops_rufus",0.0471124626817564
"331","Aselliscus_tricuspidatus",0.0471124626817564
"332","Anthops_ornatus",0.0471124626817564
"333","Hipposideros_ater",0.0471124626817564
"334","Hipposideros_abae",0.0471124626817564
"335","Hipposideros_beatus",0.0471124626817564
"336","Hipposideros_bicolor",0.0471124626817564
"337","Hipposideros_breviceps",0.0471124626817564
"338","Hipposideros_caffer",0.0471124626817564
"339","Hipposideros_cineraceus",0.0471124626817564
"340","Hipposideros_durgadasi",0.0471124626817564
"341","Hipposideros_coxi",0.0471124626817564
"342","Hipposideros_curtus",0.0471124626817564
"343","Hipposideros_dyacorum",0.0471124626817564
"344","Hipposideros_fuliginosus",0.0471124626817564
"345","Hipposideros_fulvus",0.0471124626817564
"346","Hipposideros_galeritus",0.0471124626817564
"347","Hipposideros_halophyllus",0.0471124626817564
"348","Hipposideros_jonesi",0.0471124626817564
"349","Hipposideros_macrobullatus",0.0471124626817564
"350","Hipposideros_maggietaylorae",0.0471124626817564
"351","Hipposideros_marisae",0.0471124626817564
"352","Hipposideros_megalotis",0.0471124626817564
"353","Hipposideros_nequam",0.0471124626817564
"354","Hipposideros_obscurus",0.0471124626817564
"355","Hipposideros_papua",0.0471124626817564
"356","Hipposideros_pomona",0.0471124626817564
"357","Hipposideros_pygmaeus",0.0471124626817564
"358","Hipposideros_ridleyi",0.0471124626817564
"359","Hipposideros_speoris",0.0471124626817564
"360","Hipposideros_doriae",0.0471124626817564
"361","Hipposideros_coronatus",0.0471124626817564
"362","Hipposideros_calcaratus",0.0471124626817564
"363","Hipposideros_lamottei",0.0471124626817564
"364","Hipposideros_ruber",0.0471124626817564
"365","Hipposideros_crumeniferus",0.0471124626817564
"366","Hipposideros_cervinus",0.0471124626817564
"367","Cloeotis_percivali",0.0471124626817564
"368","Aselliscus_stoliczkanus",0.0471124626817564
"369","Hipposideros_armiger",0.0471124626817564
"370","Hipposideros_commersoni",0.0471124626817564
"371","Hipposideros_gigas",0.0471124626817564
"372","Hipposideros_thomensis",0.0471124626817564
"373","Hipposideros_vittatus",0.0471124626817564
"374","Hipposideros_diadema",0.0471124626817564
"375","Hipposideros_demissus",0.121212121212115
"376","Hipposideros_inornatus",0.121212121212115
"377","Hipposideros_dinops",0.0471124626817564
"378","Hipposideros_pelingensis",0.0471124626817564
"379","Hipposideros_inexpectatus",0.0471124626817564
"380","Hipposideros_lankadiva",0.0471124626817564
"381","Hipposideros_larvatus",0.0471124626817564
"382","Hipposideros_grandis",0.121212121212115
"383","Hipposideros_sumbae",0.0471124626817564
"384","Hipposideros_lekaguli",0.0471124626817564
"385","Hipposideros_turpis",0.0471124626817564
"386","Hipposideros_lylei",0.0471124626817564
"387","Hipposideros_pratti",0.0471124626817564
"388","Asellia_patrizii",0.0471124626817564
"389","Asellia_tridens",0.0471124626817564
"390","Hipposideros_camerunensis",0.0471124626817564
"391","Hipposideros_cyclops",0.0471124626817564
"392","Hipposideros_corynophyllus",0.0471124626817564
"393","Hipposideros_stenotis",0.0471124626817564
"394","Hipposideros_wollastoni",0.0471124626817564
"395","Hipposideros_muscinus",0.0471124626817564
"396","Hipposideros_semoni",0.0471124626817564
"397","Myzopoda_aurita",0.0471124626817564
"398","Thyroptera_discifera",0.0471124626817564
"399","Thyroptera_tricolor",0.121212121212115
"400","Amorphochilus_schnablii",0.121212121212115
"401","Furipterus_horrens",0.121212121212115
"402","Nyctiellus_lepidus",0.0471124626817564
"403","Natalus_stramineus",0.0471124626817564
"404","Natalus_jamaicensis",0.0471124626817564
"405","Natalus_major",0.121212121212115
"406","Natalus_primus",0.121212121212115
"407","Natalus_tumidirostris",0.121212121212115
"408","Chilonatalus_micropus",0.121212121212115
"409","Chilonatalus_tumidifrons",0.121212121212115
"410","Mystacina_tuberculata",0.121212121212115
"411","Noctilio_albiventris",0.121212121212115
"412","Noctilio_leporinus",0.121212121212115
"413","Mormoops_blainvillei",0.121212121212115
"414","Mormoops_megalophylla",0.0471124626817564
"415","Pteronotus_parnellii",0.0471124626817564
"416","Pteronotus_davyi",0.0471124626817564
"417","Pteronotus_gymnonotus",0.0471124626817564
"418","Pteronotus_personatus",0.0471124626817564
"419","Pteronotus_quadridens",0.0471124626817564
"420","Pteronotus_macleayii",0.0471124626817564
"421","Diphylla_ecaudata",0.121212121212115
"422","Desmodus_rotundus",0.121212121212115
"423","Diaemus_youngi",0.0471124626817564
"424","Macrophyllum_macrophyllum",0.0471124626817564
"425","Lonchorhina_aurita",0.0471124626817564
"426","Lonchorhina_fernandezi",0.0471124626817564
"427","Lonchorhina_marinkellei",0.0471124626817564
"428","Lonchorhina_orinocensis",0.0471124626817564
"429","Macrotus_californicus",0.0471124626817564
"430","Macrotus_waterhousii",0.0471124626817564
"431","Lampronycteris_brachyotis",0.0471124626817564
"432","Micronycteris_megalotis",0.0471124626817564
"433","Micronycteris_homezi",0.0471124626817564
"434","Micronycteris_microtis",0.0471124626817564
"435","Micronycteris_hirsuta",0.0471124626817564
"436","Micronycteris_minuta",0.0471124626817564
"437","Micronycteris_schmidtorum",0.0471124626817564
"438","Trinycteris_nicefori",0.0471124626817564
"439","Neonycteris_pusilla",0.0471124626817564
"440","Glyphonycteris_daviesi",0.0471124626817564
"441","Glyphonycteris_behnii",0.0471124626817564
"442","Glyphonycteris_sylvestris",0.0471124626817564
"443","Trachops_cirrhosus",0.0471124626817564
"444","Chrotopterus_auritus",0.0471124626817564
"445","Vampyrum_spectrum",0.0471124626817564
"446","Tonatia_bidens",0.0471124626817564
"447","Tonatia_saurophila",0.0471124626817564
"448","Lophostoma_brasiliense",0.0471124626817564
"449","Lophostoma_carrikeri",0.0471124626817564
"450","Lophostoma_evotis",0.0471124626817564
"451","Lophostoma_schulzi",0.0471124626817564
"452","Lophostoma_silvicolum",0.0471124626817564
"453","Mimon_bennettii",0.0471124626817564
"454","Mimon_cozumelae",0.0471124626817564
"455","Mimon_crenulatum",0.0471124626817564
"456","Mimon_koepckeae",0.0471124626817564
"457","Phylloderma_stenops",0.0471124626817564
"458","Phyllostomus_latifolius",0.0471124626817564
"459","Phyllostomus_discolor",0.0471124626817564
"460","Phyllostomus_elongatus",0.0471124626817564
"461","Phyllostomus_hastatus",0.0471124626817564
"462","Brachyphylla_cavernarum",0.0471124626817564
"463","Brachyphylla_nana",0.0471124626817564
"464","Erophylla_sezekorni",0.0471124626817564
"465","Erophylla_bombifrons",0.0471124626817564
"466","Phyllonycteris_aphylla",0.0471124626817564
"467","Phyllonycteris_poeyi",0.0471124626817564
"468","Platalina_genovensium",0.0471124626817564
"469","Lionycteris_spurrelli",0.0471124626817564
"470","Lonchophylla_bokermanni",0.0471124626817564
"471","Lonchophylla_dekeyseri",0.0471124626817564
"472","Lonchophylla_handleyi",0.0471124626817564
"473","Lonchophylla_hesperia",0.0471124626817564
"474","Lonchophylla_mordax",0.0471124626817564
"475","Lonchophylla_robusta",0.0471124626817564
"476","Lonchophylla_thomasi",0.0471124626817564
"477","Leptonycteris_curasoae",0.0471124626817564
"478","Leptonycteris_yerbabuenae",0.0471124626817564
"479","Leptonycteris_nivalis",0.0471124626817564
"480","Monophyllus_plethodon",0.0471124626817564
"481","Monophyllus_redmani",0.0471124626817564
"482","Glossophaga_commissarisi",0.0471124626817564
"483","Glossophaga_soricina",0.0471124626817564
"484","Glossophaga_leachii",0.0471124626817564
"485","Glossophaga_longirostris",0.0471124626817564
"486","Glossophaga_morenoi",0.0471124626817564
"487","Anoura_caudifer",0.121212121212115
"488","Anoura_cultrata",0.0471124626817564
"489","Anoura_geoffroyi",0.0471124626817564
"490","Anoura_latidens",0.0471124626817564
"491","Scleronycteris_ega",0.0471124626817564
"492","Hylonycteris_underwoodi",0.0471124626817564
"493","Lichonycteris_obscura",0.0471124626817564
"494","Choeronycteris_mexicana",0.0471124626817564
"495","Musonycteris_harrisoni",0.0471124626817564
"496","Choeroniscus_godmani",0.0471124626817564
"497","Choeroniscus_minor",0.0471124626817564
"498","Choeroniscus_periosus",0.0471124626817564
"499","Rhinophylla_alethina",0.0471124626817564
"500","Rhinophylla_fischerae",0.0471124626817564
"501","Rhinophylla_pumilio",0.0471124626817564
"502","Carollia_castanea",0.0471124626817564
"503","Carollia_brevicauda",0.0471124626817564
"504","Carollia_perspicillata",0.0471124626817564
"505","Carollia_subrufa",0.121212121212115
"506","Sturnira_bidens",0.121212121212115
"507","Sturnira_nana",0.121212121212115
"508","Sturnira_aratathomasi",0.0471124626817564
"509","Sturnira_lilium",0.0471124626817564
"510","Sturnira_ludovici",0.0471124626817564
"511","Sturnira_luisi",0.0471124626817564
"512","Sturnira_magna",0.0471124626817564
"513","Sturnira_mordax",0.0471124626817564
"514","Sturnira_thomasi",0.0471124626817564
"515","Sturnira_tildae",0.0471124626817564
"516","Sturnira_bogotensis",0.0471124626817564
"517","Sturnira_oporaphilum",0.0471124626817564
"518","Sturnira_erythromos",0.0471124626817564
"519","Pygoderma_bilabiatum",0.0471124626817564
"520","Centurio_senex",0.0471124626817564
"521","Ametrida_centurio",0.0471124626817564
"522","Sphaeronycteris_toxophyllum",0.0471124626817564
"523","Phyllops_falcatus",0.0471124626817564
"524","Stenoderma_rufum",0.0471124626817564
"525","Ardops_nichollsi",0.0471124626817564
"526","Ariteus_flavescens",0.0471124626817564
"527","Enchisthenes_hartii",0.0471124626817564
"528","Artibeus_aztecus",0.0471124626817564
"529","Artibeus_phaeotis",0.0471124626817564
"530","Artibeus_toltecus",0.0471124626817564
"531","Artibeus_cinereus",0.0471124626817564
"532","Artibeus_anderseni",0.0471124626817564
"533","Artibeus_glaucus",0.0471124626817564
"534","Artibeus_gnomus",0.0471124626817564
"535","Artibeus_watsoni",0.0471124626817564
"536","Artibeus_concolor",0.0471124626817564
"537","Artibeus_fimbriatus",0.0471124626817564
"538","Artibeus_amplus",0.0471124626817564
"539","Artibeus_jamaicensis",0.0471124626817564
"540","Artibeus_lituratus",0.0471124626817564
"541","Artibeus_obscurus",0.0471124626817564
"542","Artibeus_fraterculus",0.0471124626817564
"543","Artibeus_hirsutus",0.0471124626817564
"544","Artibeus_inopinatus",0.0471124626817564
"545","Ectophylla_alba",0.0471124626817564
"546","Chiroderma_salvini",0.0471124626817564
"547","Chiroderma_improvisum",0.0471124626817564
"548","Chiroderma_villosum",0.0471124626817564
"549","Chiroderma_doriae",0.0471124626817564
"550","Chiroderma_trinitatum",0.0471124626817564
"551","Mesophylla_macconnelli",0.0471124626817564
"552","Vampyressa_melissa",0.0471124626817564
"553","Vampyressa_pusilla",0.0471124626817564
"554","Vampyressa_thyone",0.0471124626817564
"555","Vampyressa_bidens",0.0471124626817564
"556","Vampyressa_brocki",0.0471124626817564
"557","Vampyressa_nymphaea",0.0471124626817564
"558","Uroderma_bilobatum",0.0471124626817564
"559","Uroderma_magnirostrum",0.0471124626817564
"560","Vampyrodes_caraccioli",0.0471124626817564
"561","Platyrrhinus_aurarius",0.0471124626817564
"562","Platyrrhinus_brachycephalus",0.0471124626817564
"563","Platyrrhinus_chocoensis",0.0471124626817564
"564","Platyrrhinus_dorsalis",0.0471124626817564
"565","Platyrrhinus_helleri",0.0471124626817564
"566","Platyrrhinus_infuscus",0.0471124626817564
"567","Platyrrhinus_lineatus",0.0471124626817564
"568","Platyrrhinus_recifinus",0.0471124626817564
"569","Platyrrhinus_umbratus",0.0471124626817564
"570","Platyrrhinus_vittatus",0.0471124626817564
"571","Tomopeas_ravus",0.0471124626817564
"572","Cheiromeles_torquatus",0.0471124626817564
"573","Cheiromeles_parvidens",0.0471124626817564
"574","Myopterus_daubentonii",0.0471124626817564
"575","Myopterus_whitleyi",0.0471124626817564
"576","Molossops_aequatorianus",0.0471124626817564
"577","Molossops_mattogrossensis",0.0471124626817564
"578","Molossops_neglectus",0.0471124626817564
"579","Molossops_temminckii",0.0471124626817564
"580","Cynomops_abrasus",0.0471124626817564
"581","Cynomops_greenhalli",0.0471124626817564
"582","Cynomops_mexicanus",0.0471124626817564
"583","Cynomops_paranus",0.0471124626817564
"584","Cynomops_planirostris",0.0471124626817564
"585","Platymops_setiger",0.0471124626817564
"586","Mormopterus_beccarii",0.0471124626817564
"587","Mormopterus_norfolkensis",0.0471124626817564
"588","Mormopterus_planiceps",0.0471124626817564
"589","Mormopterus_loriae",0.0471124626817564
"590","Sauromys_petrophilus",0.0471124626817564
"591","Mormopterus_kalinowskii",0.0471124626817564
"592","Mormopterus_minutus",0.0471124626817564
"593","Mormopterus_phrudus",0.0471124626817564
"594","Mormopterus_doriae",0.0471124626817564
"595","Mormopterus_jugularis",0.0471124626817564
"596","Mormopterus_acetabulosus",0.0471124626817564
"597","Tadarida_brasiliensis",0.0471124626817564
"598","Tadarida_australis",0.0471124626817564
"599","Tadarida_kuboriensis",0.0471124626817564
"600","Tadarida_aegyptiaca",0.0471124626817564
"601","Tadarida_fulminans",0.0471124626817564
"602","Tadarida_lobata",0.0471124626817564
"603","Tadarida_teniotis",0.0471124626817564
"604","Tadarida_insignis",0.0471124626817564
"605","Tadarida_latouchei",0.0471124626817564
"606","Tadarida_ventralis",0.0471124626817564
"607","Nyctinomops_aurispinosus",0.0471124626817564
"608","Nyctinomops_femorosaccus",0.0471124626817564
"609","Nyctinomops_laticaudatus",0.0471124626817564
"610","Nyctinomops_macrotis",0.121212121212115
"611","Otomops_formosus",0.0471124626817564
"612","Otomops_martiensseni",0.0471124626817564
"613","Otomops_madagascariensis",0.0471124626817564
"614","Otomops_papuensis",0.0471124626817564
"615","Otomops_secundus",0.0471124626817564
"616","Otomops_wroughtoni",0.0471124626817564
"617","Promops_centralis",0.121212121212115
"618","Promops_nasutus",0.0471124626817564
"619","Molossus_sinaloae",0.0471124626817564
"620","Molossus_currentium",0.0471124626817564
"621","Molossus_molossus",0.0471124626817564
"622","Molossus_aztecus",0.0471124626817564
"623","Molossus_barnesi",0.0471124626817564
"624","Molossus_coibensis",0.0471124626817564
"625","Molossus_rufus",0.0471124626817564
"626","Molossus_pretiosus",0.0471124626817564
"627","Eumops_hansae",0.0471124626817564
"628","Eumops_perotis",0.0471124626817564
"629","Eumops_trumbulli",0.0471124626817564
"630","Eumops_dabbenei",0.0471124626817564
"631","Eumops_bonariensis",0.121212121212115
"632","Eumops_patagonicus",0.121212121212115
"633","Eumops_maurus",0.0471124626817564
"634","Eumops_glaucinus",0.0471124626817564
"635","Eumops_auripendulus",0.0471124626817564
"636","Eumops_underwoodi",0.0471124626817564
"637","Chaerephon_ansorgei",0.0471124626817564
"638","Chaerephon_bemmeleni",0.0471124626817564
"639","Chaerephon_bivittatus",0.0471124626817564
"640","Chaerephon_aloysiisabaudiae",0.0471124626817564
"641","Chaerephon_chapini",0.121212121212115
"642","Chaerephon_shortridgei",0.121212121212115
"643","Chaerephon_gallagheri",0.121212121212115
"644","Chaerephon_jobensis",0.121212121212115
"645","Chaerephon_solomonis",0.121212121212115
"646","Chaerephon_bregullae",0.121212121212115
"647","Chaerephon_johorensis",0.121212121212115
"648","Chaerephon_major",0.121212121212115
"649","Chaerephon_nigeriae",0.121212121212115
"650","Chaerephon_plicatus",0.121212121212115
"651","Chaerephon_leucogaster",0.121212121212115
"652","Chaerephon_pumilus",0.121212121212115
"653","Chaerephon_russatus",0.121212121212115
"654","Mops_brachypterus",0.121212121212115
"655","Mops_nanulus",0.121212121212115
"656","Mops_petersoni",0.121212121212115
"657","Mops_spurrelli",0.0471124626817564
"658","Mops_thersites",0.0471124626817564
"659","Mops_congicus",0.0471124626817564
"660","Mops_condylurus",0.0471124626817564
"661","Mops_leucostigma",0.0471124626817564
"662","Mops_midas",0.121212121212115
"663","Mops_mops",0.121212121212115
"664","Mops_niangarae",0.121212121212115
"665","Mops_sarasinorum",0.121212121212115
"666","Mops_trevori",0.121212121212115
"667","Mops_demonstrator",0.121212121212115
"668","Mops_niveiventer",0.121212121212115
"669","Miniopterus_majori",0.121212121212115
"670","Miniopterus_natalensis",0.121212121212115
"671","Miniopterus_schreibersii",0.121212121212115
"672","Miniopterus_robustior",0.121212121212115
"673","Miniopterus_tristis",0.121212121212115
"674","Miniopterus_inflatus",0.121212121212115
"675","Miniopterus_africanus",0.0471124626817564
"676","Miniopterus_magnater",0.0471124626817564
"677","Miniopterus_fraterculus",0.0471124626817564
"678","Miniopterus_fuscus",0.0471124626817564
"679","Miniopterus_medius",0.0471124626817564
"680","Miniopterus_australis",0.0471124626817564
"681","Miniopterus_paululus",0.0471124626817564
"682","Miniopterus_shortridgei",0.0471124626817564
"683","Miniopterus_minor",0.0471124626817564
"684","Miniopterus_manavi",0.0471124626817564
"685","Miniopterus_pusillus",0.0471124626817564
"686","Miniopterus_macrocneme",0.0471124626817564
"687","Eudiscopus_denticulus",0.0471124626817564
"688","Hesperoptenus_doriae",0.0471124626817564
"689","Ia_io",0.0471124626817564
"690","Lasionycteris_noctivagans",0.0471124626817564
"691","Mimetillus_moloneyi",0.0471124626817564
"692","Nycticeius_humeralis",0.0471124626817564
"693","Nycticeius_cubanus",0.0471124626817564
"694","Scoteanax_rueppellii",0.0471124626817564
"695","Otonycteris_hemprichii",0.121212121212115
"696","Philetor_brachypterus",0.121212121212115
"697","Scotozous_dormeri",0.121212121212115
"698","Pipistrellus_subflavus",0.121212121212115
"699","Bauerus_dubiaquercus",0.121212121212115
"700","Antrozous_pallidus",0.121212121212115
"701","Glischropus_javanus",0.121212121212115
"702","Glischropus_tylopus",0.121212121212115
"703","Hypsugo_anchietae",0.0471124626817564
"704","Hypsugo_eisentrauti",0.0471124626817564
"705","Pipistrellus_hesperus",0.0471124626817564
"706","Hypsugo_musciculus",0.0471124626817564
"707","Tylonycteris_pachypus",0.0471124626817564
"708","Tylonycteris_robustula",0.0471124626817564
"709","Vespertilio_murinus",0.0471124626817564
"710","Vespertilio_sinensis",0.0471124626817564
"711","Hypsugo_anthonyi",0.0471124626817564
"712","Hypsugo_joffrei",0.0471124626817564
"713","Pipistrellus_stenopterus",0.0471124626817564
"714","Hypsugo_crassulus",0.0471124626817564
"715","Pipistrellus_nanulus",0.0471124626817564
"716","Pipistrellus_rueppellii",0.0471124626817564
"717","Arielulus_circumdatus",0.0471124626817564
"718","Arielulus_cuprosus",0.0471124626817564
"719","Arielulus_societatis",0.0471124626817564
"720","Scotoecus_pallidus",0.0471124626817564
"721","Scotoecus_albofuscus",0.0471124626817564
"722","Scotoecus_hirundo",0.0471124626817564
"723","Scotoecus_albigula",0.0471124626817564
"724","Scotoecus_hindei",0.0471124626817564
"725","Hypsugo_imbricatus",0.0471124626817564
"726","Hypsugo_arabicus",0.0471124626817564
"727","Neoromicia_helios",0.0471124626817564
"728","Neoromicia_nanus",0.0471124626817564
"729","Hypsugo_pulveratus",0.0471124626817564
"730","Hypsugo_kitcheneri",0.0471124626817564
"731","Hypsugo_lophurus",0.0471124626817564
"732","Hesperoptenus_blanfordi",0.0471124626817564
"733","Hesperoptenus_gaskelli",0.0471124626817564
"734","Hesperoptenus_tickelli",0.0471124626817564
"735","Hesperoptenus_tomesi",0.0471124626817564
"736","Histiotus_alienus",0.0471124626817564
"737","Histiotus_macrotus",0.0471124626817564
"738","Histiotus_laephotis",0.0471124626817564
"739","Histiotus_montanus",0.0471124626817564
"740","Histiotus_magellanicus",0.0471124626817564
"741","Histiotus_velatus",0.0471124626817564
"742","Laephotis_angolensis",0.0471124626817564
"743","Laephotis_botswanae",0.0471124626817564
"744","Laephotis_namibensis",0.0471124626817564
"745","Laephotis_wintoni",0.0471124626817564
"746","Falsistrellus_mackenziei",0.0471124626817564
"747","Falsistrellus_tasmaniensis",0.0471124626817564
"748","Falsistrellus_affinis",0.0471124626817564
"749","Falsistrellus_mordax",0.0471124626817564
"750","Falsistrellus_petersi",0.0471124626817564
"751","Nycticeinops_schlieffeni",0.0471124626817564
"752","Scotorepens_balstoni",0.0471124626817564
"753","Scotorepens_orion",0.0471124626817564
"754","Scotorepens_greyii",0.0471124626817564
"755","Scotorepens_sanborni",0.0471124626817564
"756","Hypsugo_cadornae",0.0471124626817564
"757","Hypsugo_macrotis",0.0471124626817564
"758","Hypsugo_vordermanni",0.0471124626817564
"759","Hypsugo_ariel",0.0471124626817564
"760","Hypsugo_bodenheimeri",0.0471124626817564
"761","Hypsugo_alaschanicus",0.0471124626817564
"762","Hypsugo_savii",0.0471124626817564
"763","Vespadelus_baverstocki",0.0471124626817564
"764","Vespadelus_douglasorum",0.121212121212115
"765","Vespadelus_caurinus",0.0471124626817564
"766","Vespadelus_finlaysoni",0.0471124626817564
"767","Vespadelus_pumilus",0.121212121212115
"768","Vespadelus_troughtoni",0.121212121212115
"769","Vespadelus_darlingtoni",0.121212121212115
"770","Vespadelus_regulus",0.121212121212115
"771","Vespadelus_vulturnus",0.121212121212115
"772","Nyctalus_azoreum",0.121212121212115
"773","Nyctalus_aviator",0.0471124626817564
"774","Nyctalus_lasiopterus",0.0471124626817564
"775","Nyctalus_leisleri",0.0471124626817564
"776","Nyctalus_montanus",0.0471124626817564
"777","Nyctalus_noctula",0.0471124626817564
"778","Nyctalus_plancyi",0.0471124626817564
"779","Nyctalus_furvus",0.121212121212115
"780","Chalinolobus_tuberculatus",0.121212121212115
"781","Chalinolobus_dwyeri",0.121212121212115
"782","Chalinolobus_gouldii",0.121212121212115
"783","Chalinolobus_neocaledonicus",0.121212121212115
"784","Chalinolobus_morio",0.121212121212115
"785","Chalinolobus_nigrogriseus",0.121212121212115
"786","Chalinolobus_picatus",0.121212121212115
"787","Rhogeessa_alleni",0.121212121212115
"788","Rhogeessa_mira",0.121212121212115
"789","Rhogeessa_gracilis",0.121212121212115
"790","Rhogeessa_genowaysi",0.121212121212115
"791","Rhogeessa_minutilla",0.121212121212115
"792","Rhogeessa_parvula",0.121212121212115
"793","Rhogeessa_tumida",0.121212121212115
"794","Rhogeessa_aeneus",0.121212121212115
"795","Rhogeessa_io",0.121212121212115
"796","Lasiurus_egregius",0.121212121212115
"797","Lasiurus_ega",0.121212121212115
"798","Lasiurus_xanthinus",0.121212121212115
"799","Lasiurus_intermedius",0.121212121212115
"800","Lasiurus_insularis",0.121212121212115
"801","Lasiurus_cinereus",0.121212121212115
"802","Lasiurus_castaneus",0.121212121212115
"803","Lasiurus_borealis",0.121212121212115
"804","Lasiurus_minor",0.121212121212115
"805","Lasiurus_pfeifferi",0.121212121212115
"806","Lasiurus_salinae",0.121212121212115
"807","Lasiurus_varius",0.121212121212115
"808","Lasiurus_blossevillii",0.121212121212115
"809","Lasiurus_degelidus",0.121212121212115
"810","Lasiurus_seminolus",0.121212121212115
"811","Neoromicia_flavescens",0.121212121212115
"812","Neoromicia_rendalli",0.121212121212115
"813","Neoromicia_tenuipinnis",0.121212121212115
"814","Neoromicia_brunneus",0.121212121212115
"815","Eptesicus_matroka",0.121212121212115
"816","Neoromicia_capensis",0.121212121212115
"817","Neoromicia_guineensis",0.121212121212115
"818","Neoromicia_melckorum",0.121212121212115
"819","Neoromicia_somalicus",0.121212121212115
"820","Neoromicia_zuluensis",0.121212121212115
"821","Glauconycteris_alboguttata",0.121212121212115
"822","Glauconycteris_argentata",0.121212121212115
"823","Glauconycteris_beatrix",0.121212121212115
"824","Glauconycteris_humeralis",0.121212121212115
"825","Glauconycteris_egeria",0.121212121212115
"826","Glauconycteris_gleni",0.121212121212115
"827","Glauconycteris_kenyacola",0.121212121212115
"828","Glauconycteris_poensis",0.121212121212115
"829","Glauconycteris_superba",0.121212121212115
"830","Glauconycteris_machadoi",0.121212121212115
"831","Glauconycteris_variegata",0.121212121212115
"832","Pharotis_imogene",0.121212121212115
"833","Nyctophilus_arnhemensis",0.121212121212115
"834","Nyctophilus_geoffroyi",0.121212121212115
"835","Nyctophilus_gouldi",0.121212121212115
"836","Nyctophilus_bifax",0.121212121212115
"837","Nyctophilus_heran",0.121212121212115
"838","Nyctophilus_microdon",0.121212121212115
"839","Nyctophilus_microtis",0.0471124626817564
"840","Nyctophilus_timoriensis",0.121212121212115
"841","Nyctophilus_walkeri",0.121212121212115
"842","Barbastella_barbastellus",0.121212121212115
"843","Barbastella_leucomelas",0.121212121212115
"844","Euderma_maculatum",0.121212121212115
"845","Idionycteris_phyllotis",0.121212121212115
"846","Corynorhinus_rafinesquii",0.121212121212115
"847","Corynorhinus_mexicanus",0.121212121212115
"848","Corynorhinus_townsendii",0.121212121212115
"849","Plecotus_austriacus",0.121212121212115
"850","Plecotus_kolombatovici",0.121212121212115
"851","Plecotus_teneriffae",0.121212121212115
"852","Plecotus_auritus",0.121212121212115
"853","Plecotus_taivanus",0.121212121212115
"854","Scotomanes_ornatus",0.121212121212115
"855","Scotophilus_kuhlii",0.121212121212115
"856","Scotophilus_collinus",0.121212121212115
"857","Scotophilus_nigrita",0.121212121212115
"858","Scotophilus_borbonicus",0.121212121212115
"859","Scotophilus_viridis",0.121212121212115
"860","Scotophilus_celebensis",0.121212121212115
"861","Scotophilus_heathii",0.121212121212115
"862","Scotophilus_leucogaster",0.121212121212115
"863","Scotophilus_nucella",0.121212121212115
"864","Scotophilus_dinganii",0.121212121212115
"865","Scotophilus_nux",0.121212121212115
"866","Scotophilus_robustus",0.121212121212115
"867","Pipistrellus_minahassae",0.121212121212115
"868","Pipistrellus_ceylonicus",0.121212121212115
"869","Pipistrellus_deserti",0.121212121212115
"870","Pipistrellus_aero",0.121212121212115
"871","Pipistrellus_inexspectatus",0.121212121212115
"872","Pipistrellus_kuhlii",0.121212121212115
"873","Pipistrellus_hesperidus",0.121212121212115
"874","Pipistrellus_maderensis",0.121212121212115
"875","Pipistrellus_rusticus",0.121212121212115
"876","Pipistrellus_nathusii",0.121212121212115
"877","Pipistrellus_permixtus",0.121212121212115
"878","Pipistrellus_pipistrellus",0.121212121212115
"879","Pipistrellus_pygmaeus",0.121212121212115
"880","Pipistrellus_coromandra",0.121212121212115
"881","Pipistrellus_tenuis",0.121212121212115
"882","Pipistrellus_adamsi",0.121212121212115
"883","Pipistrellus_angulatus",0.121212121212115
"884","Pipistrellus_collinus",0.121212121212115
"885","Pipistrellus_papuanus",0.121212121212115
"886","Pipistrellus_wattsi",0.121212121212115
"887","Pipistrellus_westralis",0.121212121212115
"888","Pipistrellus_endoi",0.121212121212115
"889","Pipistrellus_javanicus",0.121212121212115
"890","Pipistrellus_abramus",0.121212121212115
"891","Pipistrellus_paterculus",0.121212121212115
"892","Eptesicus_floweri",0.121212121212115
"893","Eptesicus_nasutus",0.121212121212115
"894","Eptesicus_bobrinskoi",0.121212121212115
"895","Eptesicus_gobiensis",0.121212121212115
"896","Eptesicus_japonensis",0.121212121212115
"897","Eptesicus_nilssonii",0.121212121212115
"898","Eptesicus_diminutus",0.121212121212115
"899","Eptesicus_innoxius",0.121212121212115
"900","Eptesicus_brasiliensis",0.121212121212115
"901","Eptesicus_andinus",0.121212121212115
"902","Eptesicus_chiriquinus",0.121212121212115
"903","Eptesicus_bottae",0.121212121212115
"904","Eptesicus_dimissus",0.121212121212115
"905","Eptesicus_furinalis",0.121212121212115
"906","Eptesicus_fuscus",0.121212121212115
"907","Eptesicus_guadeloupensis",0.121212121212115
"908","Eptesicus_hottentotus",0.121212121212115
"909","Eptesicus_kobayashii",0.121212121212115
"910","Eptesicus_pachyotis",0.121212121212115
"911","Eptesicus_platyops",0.121212121212115
"912","Eptesicus_serotinus",0.121212121212115
"913","Eptesicus_tatei",0.121212121212115
"914","Harpiocephalus_harpia",0.0471124626817564
"915","Harpiocephalus_mordax",0.0471124626817564
"916","Murina_grisea",0.0471124626817564
"917","Murina_aenea",0.121212121212115
"918","Murina_cyclotis",0.121212121212115
"919","Murina_huttoni",0.121212121212115
"920","Murina_puta",0.121212121212115
"921","Murina_rozendaali",0.0471124626817564
"922","Murina_aurata",0.0471124626817564
"923","Murina_florium",0.0471124626817564
"924","Murina_silvatica",0.0471124626817564
"925","Murina_suilla",0.0471124626817564
"926","Murina_tenebrosa",0.0471124626817564
"927","Murina_tubinaris",0.0471124626817564
"928","Murina_ussuriensis",0.0471124626817564
"929","Murina_fusca",0.0471124626817564
"930","Murina_leucogaster",0.121212121212115
"931","Murina_hilgendorfi",0.121212121212115
"932","Phoniscus_aerosa",0.121212121212115
"933","Phoniscus_atrox",0.121212121212115
"934","Phoniscus_jagorii",0.121212121212115
"935","Phoniscus_papuensis",0.121212121212115
"936","Kerivoula_agnella",0.121212121212115
"937","Kerivoula_argentata",0.121212121212115
"938","Kerivoula_cuprosa",0.121212121212115
"939","Kerivoula_eriophora",0.121212121212115
"940","Kerivoula_flora",0.121212121212115
"941","Kerivoula_hardwickii",0.121212121212115
"942","Kerivoula_intermedia",0.121212121212115
"943","Kerivoula_lanosa",0.121212121212115
"944","Kerivoula_minuta",0.121212121212115
"945","Kerivoula_muscina",0.121212121212115
"946","Kerivoula_myrella",0.121212121212115
"947","Kerivoula_papillosa",0.121212121212115
"948","Kerivoula_lenis",0.0471124626817564
"949","Kerivoula_pellucida",0.0471124626817564
"950","Kerivoula_phalaena",0.0471124626817564
"951","Kerivoula_picta",0.0471124626817564
"952","Kerivoula_smithii",0.0471124626817564
"953","Kerivoula_whiteheadi",0.0471124626817564
"954","Myotis_abei",0.0471124626817564
"955","Myotis_aelleni",0.0471124626817564
"956","Myotis_albescens",0.0471124626817564
"957","Nycticeius_aenobarbus",0.121212121212115
"958","Myotis_austroriparius",0.121212121212115
"959","Myotis_chiloensis",0.0471124626817564
"960","Myotis_cobanensis",0.0471124626817564
"961","Myotis_dasycneme",0.0471124626817564
"962","Myotis_fortidens",0.0471124626817564
"963","Myotis_grisescens",0.0471124626817564
"964","Myotis_levis",0.0471124626817564
"965","Myotis_lucifugus",0.0471124626817564
"966","Myotis_occultus",0.0471124626817564
"967","Myotis_montivagus",0.0471124626817564
"968","Myotis_oxyotus",0.0471124626817564
"969","Myotis_peninsularis",0.0471124626817564
"970","Myotis_ricketti",0.0471124626817564
"971","Myotis_velifer",0.0471124626817564
"972","Myotis_volans",0.0471124626817564
"973","Myotis_yumanensis",0.0471124626817564
"974","Cistugo_lesueuri",0.0471124626817564
"975","Cistugo_seabrae",0.0471124626817564
"976","Myotis_macrotarsus",0.121212121212115
"977","Myotis_stalkeri",0.0471124626817564
"978","Myotis_vivesi",0.0471124626817564
"979","Myotis_riparius",0.0471124626817564
"980","Myotis_simus",0.0471124626817564
"981","Myotis_ruber",0.0471124626817564
"982","Myotis_adversus",0.0471124626817564
"983","Myotis_macropus",0.0471124626817564
"984","Myotis_moluccarum",0.0471124626817564
"985","Myotis_bocagii",0.0471124626817564
"986","Myotis_hasseltii",0.0471124626817564
"987","Myotis_horsfieldii",0.0471124626817564
"988","Myotis_capaccinii",0.0471124626817564
"989","Myotis_laniger",0.0471124626817564
"990","Myotis_daubentonii",0.0471124626817564
"991","Myotis_longipes",0.0471124626817564
"992","Myotis_macrodactylus",0.121212121212115
"993","Myotis_fimbriatus",0.121212121212115
"994","Myotis_pruinosus",0.121212121212115
"995","Myotis_formosus",0.121212121212115
"996","Myotis_hermani",0.0471124626817564
"997","Myotis_welwitschii",0.0471124626817564
"998","Myotis_emarginatus",0.0471124626817564
"999","Myotis_goudoti",0.0471124626817564
"1000","Myotis_anjouanensis",0.0471124626817564
"1001","Myotis_morrisi",0.0471124626817564
"1002","Myotis_tricolor",0.0471124626817564
"1003","Myotis_blythii",0.0471124626817564
"1004","Myotis_oxygnathus",0.0471124626817564
"1005","Myotis_punicus",0.0471124626817564
"1006","Myotis_chinensis",0.121212121212115
"1007","Myotis_myotis",0.121212121212115
"1008","Myotis_sicarius",0.121212121212115
"1009","Myotis_bechsteinii",0.121212121212115
"1010","Myotis_auriculus",0.121212121212115
"1011","Myotis_evotis",0.121212121212115
"1012","Myotis_keenii",0.121212121212115
"1013","Myotis_septentrionalis",0.121212121212115
"1014","Myotis_pequinius",0.121212121212115
"1015","Myotis_bombinus",0.121212121212115
"1016","Myotis_nattereri",0.121212121212115
"1017","Myotis_schaubi",0.121212121212115
"1018","Myotis_thysanodes",0.121212121212115
"1019","Myotis_siligorensis",0.121212121212115
"1020","Myotis_scotti",0.121212121212115
"1021","Myotis_oreias",0.0471124626817564
"1022","Myotis_altarium",0.0471124626817564
"1023","Myotis_californicus",0.0471124626817564
"1024","Myotis_leibii",0.0471124626817564
"1025","Myotis_melanorhinus",0.0471124626817564
"1026","Myotis_ciliolabrum",0.0471124626817564
"1027","Myotis_planiceps",0.121212121212115
"1028","Myotis_brandtii",0.121212121212115
"1029","Myotis_insularum",0.121212121212115
"1030","Myotis_mystacinus",0.121212121212115
"1031","Myotis_hajastanicus",0.0471124626817564
"1032","Myotis_nipalensis",0.0471124626817564
"1033","Myotis_davidii",0.0471124626817564
"1034","Myotis_frater",0.0471124626817564
"1035","Myotis_bucharensis",0.0471124626817564
"1036","Myotis_annectans",0.0471124626817564
"1037","Myotis_australis",0.0471124626817564
"1038","Myotis_hosonoi",0.0471124626817564
"1039","Myotis_ikonnikovi",0.0471124626817564
"1040","Myotis_muricola",0.0471124626817564
"1041","Myotis_ater",0.0471124626817564
"1042","Myotis_ozensis",0.0471124626817564
"1043","Myotis_ridleyi",0.0471124626817564
"1044","Myotis_rosseti",0.0471124626817564
"1045","Myotis_yesoensis",0.0471124626817564
"1046","Myotis_atacamensis",0.0471124626817564
"1047","Myotis_dominicensis",0.0471124626817564
"1048","Myotis_elegans",0.0471124626817564
"1049","Myotis_findleyi",0.0471124626817564
"1050","Myotis_keaysi",0.0471124626817564
"1051","Myotis_martiniquensis",0.0471124626817564
"1052","Myotis_nesopolus",0.0471124626817564
"1053","Myotis_nigricans",0.0471124626817564
"1054","Myotis_sodalis",0.0471124626817564
