"","host","virus","presence","suitability"
"4267","Acinonyx jubatus","Betacoronavirus",0,1.97595856003394
"4268","Aepyceros melampus","Betacoronavirus",0,1.58471140632148
"4269","Akodon azarae","Betacoronavirus",0,1.47206079056182
"4270","Akodon montensis","Betacoronavirus",0,2.3322198996441
"4271","Alcelaphus buselaphus","Betacoronavirus",0,1.62119334721352
"4272","Alces alces","Betacoronavirus",0,1.60790514245477
"4273","Alouatta caraya","Betacoronavirus",0,3.51367141750348
"4274","Alouatta palliata","Betacoronavirus",0,2.48745993283321
"4275","Alouatta pigra","Betacoronavirus",0,2.48745993283321
"4276","Alouatta seniculus","Betacoronavirus",0,1.47206079056182
"4277","Ammospermophilus nelsoni","Betacoronavirus",0,3.51367141750348
"4278","Ammotragus lervia","Betacoronavirus",0,1.27803112926486
"4279","Anoura caudifer","Betacoronavirus",0,1.92976171754157
"4280","Anoura geoffroyi","Betacoronavirus",0,2.99867100527262
"4281","Antidorcas marsupialis","Betacoronavirus",0,1.14528675546334
"4282","Antilocapra americana","Betacoronavirus",0,2.19036242662906
"4283","Antilope cervicapra","Betacoronavirus",0,1.31343277935408
"4284","Antrozous pallidus","Betacoronavirus",0,3.53830619292069
"4285","Aotus azarae","Betacoronavirus",0,1.11894084124331
"4286","Aotus trivirgatus","Betacoronavirus",0,1.65266606209179
"4287","Apodemus agrarius","Betacoronavirus",1,4.30065151977732
"4288","Apodemus argenteus","Betacoronavirus",0,2.3322198996441
"4289","Apodemus chevrieri","Betacoronavirus",0,1.92976171754157
"4290","Apodemus flavicollis","Betacoronavirus",0,1.48891909131055
"4291","Apodemus speciosus","Betacoronavirus",0,2.3322198996441
"4292","Apodemus sylvaticus","Betacoronavirus",0,1.3342166195221
"4293","Artibeus cinereus","Betacoronavirus",0,8.37957460145209
"4294","Artibeus fimbriatus","Betacoronavirus",0,3.53830619292069
"4295","Artibeus jamaicensis","Betacoronavirus",0,11.4124009599622
"4296","Artibeus lituratus","Betacoronavirus",1,9.60459507593399
"4297","Artibeus obscurus","Betacoronavirus",1,1.55306612776031
"4298","Artibeus phaeotis","Betacoronavirus",1,9.63307553895348
"4299","Artibeus toltecus","Betacoronavirus",0,2.3322198996441
"4300","Arvicanthis niloticus","Betacoronavirus",0,2.83004957008906
"4301","Arvicola amphibius","Betacoronavirus",0,2.3322198996441
"4302","Arvicola scherman","Betacoronavirus",0,1.06855125286386
"4303","Aselliscus stoliczkanus","Betacoronavirus",1,1.55306612776031
"4304","Atelerix albiventris","Betacoronavirus",0,1.46395111648236
"4305","Ateles geoffroyi","Betacoronavirus",0,1.0747765006503
"4306","Ateles paniscus","Betacoronavirus",0,2.3322198996441
"4307","Atilax paludinosus","Betacoronavirus",0,3.53830619292069
"4308","Axis axis","Betacoronavirus",0,1.31343277935408
"4309","Baiomys taylori","Betacoronavirus",0,1.17865214516359
"4310","Balaenoptera borealis","Betacoronavirus",0,1.02760450544365
"4311","Balaenoptera physalus","Betacoronavirus",0,1.02760450544365
"4312","Bandicota indica","Betacoronavirus",0,1.04001719560742
"4313","Barbastella barbastellus","Betacoronavirus",0,8.37957460145209
"4314","Bassaricyon gabbii","Betacoronavirus",0,1.17865214516359
"4315","Bison bison","Betacoronavirus",0,2.04304256875743
"4316","Bison bonasus","Betacoronavirus",0,1.11200199390298
"4317","Blastocerus dichotomus","Betacoronavirus",0,1.0815765365741
"4318","Bos frontalis","Betacoronavirus",0,1.22086994649999
"4319","Bos grunniens","Betacoronavirus",0,1.1532215553894
"4320","Bos javanicus","Betacoronavirus",0,1.07067552907621
"4321","Bos taurus","Betacoronavirus",1,1.66173960741345
"4322","Boselaphus tragocamelus","Betacoronavirus",0,1.0815765365741
"4323","Bradypus tridactylus","Betacoronavirus",0,4.21908187082261
"4324","Bradypus variegatus","Betacoronavirus",0,2.46934081964143
"4325","Bubalus bubalis","Betacoronavirus",1,2.13477872648922
"4326","Cabassous centralis","Betacoronavirus",0,1.17865214516359
"4327","Callithrix geoffroyi","Betacoronavirus",0,1.17865214516359
"4328","Callithrix jacchus","Betacoronavirus",0,1.07784838190564
"4329","Callithrix leucippe","Betacoronavirus",0,3.51367141750348
"4330","Calomys callosus","Betacoronavirus",0,1.1595696579783
"4331","Calomys musculinus","Betacoronavirus",0,2.3322198996441
"4332","Caluromys derbianus","Betacoronavirus",0,1.17865214516359
"4333","Caluromys philander","Betacoronavirus",0,1.98147500132955
"4334","Camelus dromedarius","Betacoronavirus",1,3.2861227563411
"4335","Canis adustus","Betacoronavirus",0,3.45711184829921
"4336","Canis aureus","Betacoronavirus",0,1.22685142116833
"4337","Canis latrans","Betacoronavirus",0,4.39922957110032
"4338","Canis lupus","Betacoronavirus",1,2.96699691587721
"4339","Canis mesomelas","Betacoronavirus",0,4.68824898617263
"4340","Canis simensis","Betacoronavirus",0,2.19475487764393
"4341","Capra hircus","Betacoronavirus",0,2.21112924730885
"4342","Capra ibex","Betacoronavirus",0,1.08014158187433
"4343","Capra pyrenaica","Betacoronavirus",0,1.22685142116833
"4344","Capreolus capreolus","Betacoronavirus",0,1.39012362630498
"4345","Capricornis crispus","Betacoronavirus",0,1.05128071898103
"4346","Caracal caracal","Betacoronavirus",0,1.05599420034996
"4347","Cardioderma cor","Betacoronavirus",0,1.92976171754157
"4348","Carollia brevicauda","Betacoronavirus",0,6.03365907602149
"4349","Carollia perspicillata","Betacoronavirus",1,12.8508085757525
"4350","Carollia subrufa","Betacoronavirus",0,1.47206079056182
"4351","Castor fiber","Betacoronavirus",0,1.06855125286386
"4352","Cavia porcellus","Betacoronavirus",1,1.25183822235513
"4353","Cebus apella","Betacoronavirus",0,1.31178654968398
"4354","Cebus capucinus","Betacoronavirus",0,1.17865214516359
"4355","Cephalophus callipygus","Betacoronavirus",0,1.01188244331352
"4356","Cephalophus dorsalis","Betacoronavirus",0,1.7731181923493
"4357","Cephalophus leucogaster","Betacoronavirus",0,1.7731181923493
"4358","Cephalophus nigrifrons","Betacoronavirus",0,1.27803112926486
"4359","Cephalophus weynsi","Betacoronavirus",0,1.27803112926486
"4360","Ceratotherium simum","Betacoronavirus",0,1.28228697390028
"4361","Cercocebus agilis","Betacoronavirus",0,1.02011563527228
"4362","Cercocebus atys","Betacoronavirus",0,1.03547449062452
"4363","Cercocebus galeritus","Betacoronavirus",0,1.03547449062452
"4364","Cercopithecus ascanius","Betacoronavirus",0,2.15415482114722
"4365","Cercopithecus cephus","Betacoronavirus",0,1.03547449062452
"4366","Cercopithecus mitis","Betacoronavirus",0,1.01907438621931
"4367","Cercopithecus mona","Betacoronavirus",0,1.70607502049715
"4368","Cercopithecus neglectus","Betacoronavirus",0,1.03547449062452
"4369","Cercopithecus nictitans","Betacoronavirus",0,1.0482943213228
"4370","Cercopithecus petaurista","Betacoronavirus",0,1.06855125286386
"4371","Cercopithecus pogonias","Betacoronavirus",0,1.47206079056182
"4372","Cerdocyon thous","Betacoronavirus",0,1.11894084124331
"4373","Cervus elaphus","Betacoronavirus",0,1.33577730160458
"4374","Cervus nippon","Betacoronavirus",0,1.26405485818588
"4375","Chaerephon plicatus","Betacoronavirus",1,2.04262339570678
"4376","Chaerephon pumilus","Betacoronavirus",0,6.03365907602149
"4377","Chaetodipus spinatus","Betacoronavirus",0,1.31178654968398
"4378","Chaetophractus vellerosus","Betacoronavirus",0,1.00832131303694
"4379","Chalinolobus gouldii","Betacoronavirus",0,1.92976171754157
"4380","Chalinolobus morio","Betacoronavirus",0,1.92976171754157
"4381","Chironectes minimus","Betacoronavirus",0,1.17865214516359
"4382","Chlorocebus aethiops","Betacoronavirus",1,2.10377627865327
"4383","Chlorocebus pygerythrus","Betacoronavirus",0,1.01938018485323
"4384","Chlorocebus sabaeus","Betacoronavirus",0,1.11504733936031
"4385","Choloepus didactylus","Betacoronavirus",0,1.47206079056182
"4386","Choloepus hoffmanni","Betacoronavirus",0,3.82611690701385
"4387","Chrotopterus auritus","Betacoronavirus",0,3.53830619292069
"4388","Chrysocyon brachyurus","Betacoronavirus",0,3.53830619292069
"4389","Coendou prehensilis","Betacoronavirus",0,1.47206079056182
"4390","Coendou rothschildi","Betacoronavirus",0,1.17865214516359
"4391","Colobus guereza","Betacoronavirus",0,1.13717976443112
"4392","Colobus polykomos","Betacoronavirus",0,2.3322198996441
"4393","Connochaetes gnou","Betacoronavirus",0,1.06863959990119
"4394","Connochaetes taurinus","Betacoronavirus",0,1.58471140632148
"4395","Corynorhinus townsendii","Betacoronavirus",0,3.53830619292069
"4396","Cricetomys emini","Betacoronavirus",0,1.06855125286386
"4397","Cricetomys gambianus","Betacoronavirus",0,1.91554289347354
"4398","Cricetus cricetus","Betacoronavirus",0,1.01907438621931
"4399","Crocidura attenuata","Betacoronavirus",0,1.92976171754157
"4400","Crocuta crocuta","Betacoronavirus",0,3.61492390154247
"4401","Cuniculus paca","Betacoronavirus",0,1.47206079056182
"4402","Cynictis penicillata","Betacoronavirus",0,3.53830619292069
"4403","Cynomops abrasus","Betacoronavirus",0,6.26499330443168
"4404","Cynomops planirostris","Betacoronavirus",0,6.26499330443168
"4405","Cynomys ludovicianus","Betacoronavirus",0,1.06855125286386
"4406","Cynopterus brachyotis","Betacoronavirus",1,6.40192183094965
"4407","Cynopterus horsfieldii","Betacoronavirus",1,1.55306612776031
"4408","Cynopterus sphinx","Betacoronavirus",1,13.6296929238321
"4409","Cystophora cristata","Betacoronavirus",0,1.17452343864177
"4410","Dama dama","Betacoronavirus",0,1.24676410649494
"4411","Damaliscus lunatus","Betacoronavirus",0,1.653587606516
"4412","Dasymys incomtus","Betacoronavirus",0,1.31178654968398
"4413","Dasyprocta leporina","Betacoronavirus",0,3.51367141750348
"4414","Dasyprocta punctata","Betacoronavirus",0,1.71205245413763
"4415","Dasypus novemcinctus","Betacoronavirus",0,3.51016119971332
"4416","Delphinapterus leucas","Betacoronavirus",0,1.00103706229558
"4417","Delphinus delphis","Betacoronavirus",0,1.11894084124331
"4418","Deomys ferrugineus","Betacoronavirus",0,1.92976171754157
"4419","Desmodillus auricularis","Betacoronavirus",0,2.3322198996441
"4420","Desmodus rotundus","Betacoronavirus",0,11.2336579071482
"4421","Diaemus youngi","Betacoronavirus",0,3.53830619292069
"4422","Diceros bicornis","Betacoronavirus",0,1.26405485818588
"4423","Diclidurus albus","Betacoronavirus",0,3.53830619292069
"4424","Didelphis marsupialis","Betacoronavirus",0,4.15322939610969
"4425","Didelphis virginiana","Betacoronavirus",0,2.47660074503407
"4426","Diphylla ecaudata","Betacoronavirus",0,3.53830619292069
"4427","Diplomys labilis","Betacoronavirus",0,1.17865214516359
"4428","Dipodomys heermanni","Betacoronavirus",0,2.3322198996441
"4429","Dipodomys merriami","Betacoronavirus",0,1.17865214516359
"4430","Dipodomys nitratoides","Betacoronavirus",0,2.3322198996441
"4431","Dobsonia anderseni","Betacoronavirus",0,1.04899792138938
"4432","Dobsonia moluccensis","Betacoronavirus",1,1.47231111284049
"4433","Dorcopsis muelleri","Betacoronavirus",0,1.03745451931148
"4434","Dyacopterus spadiceus","Betacoronavirus",1,1.55306612776031
"4435","Eidolon dupreanum","Betacoronavirus",1,1.47231111284049
"4436","Eidolon helvum","Betacoronavirus",1,6.54059125580714
"4437","Elephas maximus","Betacoronavirus",0,2.44433195446531
"4438","Eonycteris spelaea","Betacoronavirus",1,8.96470908928922
"4439","Epomophorus gambianus","Betacoronavirus",1,5.10480313315881
"4440","Epomophorus labiatus","Betacoronavirus",1,2.04262339570678
"4441","Epomophorus wahlbergi","Betacoronavirus",0,3.53830619292069
"4442","Epomops dobsonii","Betacoronavirus",0,3.53830619292069
"4443","Epomops franqueti","Betacoronavirus",1,1.49792571926148
"4444","Eptesicus brasiliensis","Betacoronavirus",0,3.53830619292069
"4445","Eptesicus diminutus","Betacoronavirus",0,3.53830619292069
"4446","Eptesicus furinalis","Betacoronavirus",0,3.53830619292069
"4447","Eptesicus fuscus","Betacoronavirus",0,14.0594489775879
"4448","Eptesicus nilssonii","Betacoronavirus",1,1.55306612776031
"4449","Eptesicus serotinus","Betacoronavirus",1,7.63322158104848
"4450","Equus asinus","Betacoronavirus",0,2.61934848662878
"4451","Equus burchellii","Betacoronavirus",0,1.62829458622196
"4452","Equus caballus","Betacoronavirus",1,2.25720520785839
"4453","Equus hemionus","Betacoronavirus",0,1.05817819031869
"4454","Erethizon dorsatum","Betacoronavirus",0,2.35810051636053
"4455","Erinaceus amurensis","Betacoronavirus",1,1.55306612776031
"4456","Erinaceus europaeus","Betacoronavirus",1,1.5581656818999
"4457","Erythrocebus patas","Betacoronavirus",0,2.26615025098507
"4458","Eschrichtius robustus","Betacoronavirus",0,1.02760450544365
"4459","Euderma maculatum","Betacoronavirus",0,3.53830619292069
"4460","Eudorcas thomsonii","Betacoronavirus",0,1.7578532599467
"4461","Eulemur albifrons","Betacoronavirus",0,1.04207631437411
"4462","Eulemur macaco","Betacoronavirus",0,1.04207631437411
"4463","Eumetopias jubatus","Betacoronavirus",0,1.21103225490603
"4464","Eumops auripendulus","Betacoronavirus",0,3.53830619292069
"4465","Eumops glaucinus","Betacoronavirus",1,4.84127296804596
"4466","Eumops patagonicus","Betacoronavirus",0,3.53830619292069
"4467","Eumops perotis","Betacoronavirus",0,3.53830619292069
"4468","Falsistrellus mackenziei","Betacoronavirus",0,1.92976171754157
"4469","Felis catus","Betacoronavirus",0,1.71532352088193
"4470","Felis nigripes","Betacoronavirus",0,3.53830619292069
"4471","Felis silvestris","Betacoronavirus",0,1.72218843170822
"4472","Funambulus tristriatus","Betacoronavirus",0,2.3322198996441
"4473","Funisciurus anerythrus","Betacoronavirus",0,1.06855125286386
"4474","Funisciurus congicus","Betacoronavirus",0,1.06855125286386
"4475","Galago senegalensis","Betacoronavirus",0,1.47206079056182
"4476","Galerella sanguinea","Betacoronavirus",0,3.53830619292069
"4477","Gazella dorcas","Betacoronavirus",0,1.11894084124331
"4478","Gazella gazella","Betacoronavirus",0,1.227221551359
"4479","Gazella subgutturosa","Betacoronavirus",0,1.22685142116833
"4480","Genetta genetta","Betacoronavirus",0,3.53830619292069
"4481","Genetta maculata","Betacoronavirus",0,1.22685142116833
"4482","Gerbilliscus kempi","Betacoronavirus",0,1.84806191360119
"4483","Gerbilliscus validus","Betacoronavirus",0,1.31178654968398
"4484","Giraffa camelopardalis","Betacoronavirus",0,1.37716955876099
"4485","Glaucomys volans","Betacoronavirus",0,3.53830619292069
"4486","Glauconycteris argentata","Betacoronavirus",0,1.04113289650897
"4487","Glis glis","Betacoronavirus",0,1.04207631437411
"4488","Globicephala melas","Betacoronavirus",0,1.11894084124331
"4489","Glossophaga commissarisi","Betacoronavirus",0,1.47206079056182
"4490","Glossophaga longirostris","Betacoronavirus",0,3.53830619292069
"4491","Glossophaga morenoi","Betacoronavirus",0,3.53830619292069
"4492","Glossophaga soricina","Betacoronavirus",0,11.2336579071482
"4493","Gorilla beringei","Betacoronavirus",0,1.05597083500478
"4494","Gorilla gorilla","Betacoronavirus",0,1.06170600379156
"4495","Halichoerus grypus","Betacoronavirus",0,1.11894084124331
"4496","Heliosciurus rufobrachium","Betacoronavirus",0,1.06855125286386
"4497","Heteromys anomalus","Betacoronavirus",0,1.98147500132955
"4498","Hipposideros abae","Betacoronavirus",0,1.65989994406533
"4499","Hipposideros armiger","Betacoronavirus",1,4.44627405874835
"4500","Hipposideros bicolor","Betacoronavirus",0,4.62976081656905
"4501","Hipposideros caffer","Betacoronavirus",1,3.13425312189358
"4502","Hipposideros cineraceus","Betacoronavirus",0,2.3322198996441
"4503","Hipposideros commersoni","Betacoronavirus",1,1.55306612776031
"4504","Hipposideros diadema","Betacoronavirus",0,1.92976171754157
"4505","Hipposideros galeritus","Betacoronavirus",1,1.55306612776031
"4506","Hipposideros gigas","Betacoronavirus",0,1.92976171754157
"4507","Hipposideros lankadiva","Betacoronavirus",0,2.3322198996441
"4508","Hipposideros larvatus","Betacoronavirus",0,1.68325532304316
"4509","Hipposideros lekaguli","Betacoronavirus",0,1.92976171754157
"4510","Hipposideros pomona","Betacoronavirus",0,3.35894050030861
"4511","Hipposideros pratti","Betacoronavirus",1,2.92213276221849
"4512","Hipposideros ruber","Betacoronavirus",1,2.92213276221849
"4513","Hipposideros speoris","Betacoronavirus",0,2.3322198996441
"4514","Hipposideros vittatus","Betacoronavirus",0,1.92976171754157
"4515","Hippotragus equinus","Betacoronavirus",0,1.16393148889997
"4516","Hippotragus niger","Betacoronavirus",0,1.35128542067534
"4517","Histiotus montanus","Betacoronavirus",0,3.53830619292069
"4518","Histiotus velatus","Betacoronavirus",0,3.53830619292069
"4519","Homo sapiens","Betacoronavirus",1,1.35743937666862
"4520","Hoplomys gymnurus","Betacoronavirus",0,1.47206079056182
"4521","Hydrochoerus hydrochaeris","Betacoronavirus",0,3.53830619292069
"4522","Hydromys chrysogaster","Betacoronavirus",0,1.42222305397701
"4523","Hydropotes inermis","Betacoronavirus",1,1.55306612776031
"4524","Hylobates lar","Betacoronavirus",0,1.02423821829062
"4525","Hylobates moloch","Betacoronavirus",0,1.01754858987699
"4526","Hylobates pileatus","Betacoronavirus",0,1.01754858987699
"4527","Hypsignathus monstrosus","Betacoronavirus",0,1.04644756295907
"4528","Hypsugo savii","Betacoronavirus",1,2.92213276221849
"4529","Ia io","Betacoronavirus",1,1.55306612776031
"4530","Ichneumia albicauda","Betacoronavirus",0,2.38684067631359
"4531","Isoodon macrourus","Betacoronavirus",0,1.31178654968398
"4532","Kobus ellipsiprymnus","Betacoronavirus",0,1.43116862586794
"4533","Lagothrix lagotricha","Betacoronavirus",0,1.01062483779484
"4534","Lama glama","Betacoronavirus",1,1.74639873055494
"4535","Lasionycteris noctivagans","Betacoronavirus",0,3.53830619292069
"4536","Lasiurus blossevillii","Betacoronavirus",0,3.53830619292069
"4537","Lasiurus borealis","Betacoronavirus",0,3.53830619292069
"4538","Lasiurus cinereus","Betacoronavirus",0,4.62764872744216
"4539","Lasiurus ega","Betacoronavirus",0,3.53830619292069
"4540","Lasiurus egregius","Betacoronavirus",0,3.53830619292069
"4541","Lasiurus intermedius","Betacoronavirus",0,3.53830619292069
"4542","Lasiurus seminolus","Betacoronavirus",0,3.53830619292069
"4543","Lasiurus xanthinus","Betacoronavirus",0,3.53830619292069
"4544","Lemmus lemmus","Betacoronavirus",0,1.00484786671667
"4545","Lemniscomys striatus","Betacoronavirus",0,2.99867100527262
"4546","Lemur catta","Betacoronavirus",0,1.94484030637163
"4547","Leopardus geoffroyi","Betacoronavirus",0,1.02968579936855
"4548","Leopardus pardalis","Betacoronavirus",0,1.65897590214788
"4549","Leptonychotes weddellii","Betacoronavirus",0,1.05817819031869
"4550","Leptonycteris curasoae","Betacoronavirus",0,3.53830619292069
"4551","Leptonycteris nivalis","Betacoronavirus",0,3.53830619292069
"4552","Lepus americanus","Betacoronavirus",0,4.21908187082261
"4553","Lepus californicus","Betacoronavirus",0,4.15322939610969
"4554","Lepus capensis","Betacoronavirus",0,1.00722645869908
"4555","Lepus europaeus","Betacoronavirus",0,1.00972205835223
"4556","Lepus timidus","Betacoronavirus",0,1.20917905160628
"4557","Lichonycteris obscura","Betacoronavirus",0,1.92976171754157
"4558","Liomys adspersus","Betacoronavirus",0,1.17865214516359
"4559","Lobodon carcinophaga","Betacoronavirus",0,1.17452343864177
"4560","Lonchophylla robusta","Betacoronavirus",0,1.17865214516359
"4561","Lonchorhina aurita","Betacoronavirus",0,1.92976171754157
"4562","Lontra canadensis","Betacoronavirus",0,2.0327274267098
"4563","Lophocebus albigena","Betacoronavirus",0,1.0482943213228
"4564","Lophostoma silvicolum","Betacoronavirus",0,1.17865214516359
"4565","Lophuromys flavopunctatus","Betacoronavirus",0,1.31178654968398
"4566","Lophuromys sikapusi","Betacoronavirus",0,3.88313722089616
"4567","Loxodonta africana","Betacoronavirus",0,1.3203723386929
"4568","Lycalopex gymnocercus","Betacoronavirus",0,1.11894084124331
"4569","Lycalopex vetulus","Betacoronavirus",0,3.53830619292069
"4570","Lycaon pictus","Betacoronavirus",0,3.06421638162191
"4571","Lynx lynx","Betacoronavirus",0,1.06855125286386
"4572","Lynx pardinus","Betacoronavirus",0,1.01062483779484
"4573","Lynx rufus","Betacoronavirus",0,2.32617869268527
"4574","Macaca arctoides","Betacoronavirus",0,1.03745451931148
"4575","Macaca cyclopis","Betacoronavirus",0,1.03745451931148
"4576","Macaca fascicularis","Betacoronavirus",0,1.72195210118091
"4577","Macaca fuscata","Betacoronavirus",0,1.14294131000739
"4578","Macaca maura","Betacoronavirus",0,1.02011563527228
"4579","Macaca mulatta","Betacoronavirus",0,1.19988905594777
"4580","Macaca nemestrina","Betacoronavirus",0,1.09498614513978
"4581","Macaca nigra","Betacoronavirus",0,1.02011563527228
"4582","Macaca ochreata","Betacoronavirus",0,1.02011563527228
"4583","Macaca radiata","Betacoronavirus",0,1.69665352592667
"4584","Macaca sinica","Betacoronavirus",0,2.99867100527262
"4585","Macaca sylvanus","Betacoronavirus",0,1.04207631437411
"4586","Macaca tonkeana","Betacoronavirus",0,1.02011563527228
"4587","Macroglossus minimus","Betacoronavirus",0,2.3322198996441
"4588","Macropus agilis","Betacoronavirus",0,3.8273442543855
"4589","Macropus fuliginosus","Betacoronavirus",0,1.22685142116833
"4590","Macropus giganteus","Betacoronavirus",0,2.89821230429736
"4591","Macropus parma","Betacoronavirus",0,1.03745451931148
"4592","Macropus robustus","Betacoronavirus",0,1.82529679307224
"4593","Macropus rufus","Betacoronavirus",0,1.22685142116833
"4594","Macrotus californicus","Betacoronavirus",0,3.53830619292069
"4595","Madromys blanfordi","Betacoronavirus",0,2.3322198996441
"4596","Mandrillus leucophaeus","Betacoronavirus",0,1.03003142444224
"4597","Mandrillus sphinx","Betacoronavirus",0,1.28552966322351
"4598","Manis javanica","Betacoronavirus",1,1.55306612776031
"4599","Marmosa murina","Betacoronavirus",0,1.31178654968398
"4600","Marmota flaviventris","Betacoronavirus",0,1.92431770992025
"4601","Marmota monax","Betacoronavirus",0,4.38319559859927
"4602","Martes foina","Betacoronavirus",0,3.53830619292069
"4603","Martes pennanti","Betacoronavirus",0,1.94435469958306
"4604","Mastomys erythroleucus","Betacoronavirus",0,1.9460508089872
"4605","Mastomys huberti","Betacoronavirus",0,1.04113289650897
"4606","Mastomys natalensis","Betacoronavirus",0,2.70697288766211
"4607","Megaerops niphanae","Betacoronavirus",1,1.55306612776031
"4608","Megaloglossus woermanni","Betacoronavirus",1,2.92213276221849
"4609","Melanomys caliginosus","Betacoronavirus",0,1.47206079056182
"4610","Meles meles","Betacoronavirus",0,1.0376609227898
"4611","Mellivora capensis","Betacoronavirus",0,3.53830619292069
"4612","Melogale moschata","Betacoronavirus",1,2.92213276221849
"4613","Mephitis mephitis","Betacoronavirus",0,8.08396283292201
"4614","Meriones hurrianae","Betacoronavirus",0,1.43637413751465
"4615","Meriones libycus","Betacoronavirus",0,1.06855125286386
"4616","Mesocricetus auratus","Betacoronavirus",0,1.14554074589448
"4617","Mesophylla macconnelli","Betacoronavirus",0,1.92976171754157
"4618","Metachirus nudicaudatus","Betacoronavirus",0,1.54529641682828
"4619","Micaelamys namaquensis","Betacoronavirus",0,1.04113289650897
"4620","Micronycteris megalotis","Betacoronavirus",0,3.53830619292069
"4621","Micropteropus pusillus","Betacoronavirus",1,3.5975426371635
"4622","Microtus agrestis","Betacoronavirus",0,1.95099788910234
"4623","Microtus arvalis","Betacoronavirus",0,2.03380952430454
"4624","Microtus californicus","Betacoronavirus",0,1.81962326901518
"4625","Microtus gregalis","Betacoronavirus",0,2.99867100527262
"4626","Microtus oeconomus","Betacoronavirus",0,2.57317242391122
"4627","Microtus pennsylvanicus","Betacoronavirus",0,1.23097834038023
"4628","Mimon crenulatum","Betacoronavirus",0,2.3322198996441
"4629","Miniopterus australis","Betacoronavirus",0,1.92976171754157
"4630","Miniopterus inflatus","Betacoronavirus",0,1.48565591253671
"4631","Miniopterus magnater","Betacoronavirus",0,1.92976171754157
"4632","Miniopterus natalensis","Betacoronavirus",0,1.92976171754157
"4633","Miniopterus pusillus","Betacoronavirus",0,1.92976171754157
"4634","Miniopterus schreibersii","Betacoronavirus",1,8.89976122511234
"4635","Miopithecus talapoin","Betacoronavirus",0,1.03547449062452
"4636","Mirounga leonina","Betacoronavirus",0,1.47206079056182
"4637","Molossops neglectus","Betacoronavirus",0,3.53830619292069
"4638","Molossus molossus","Betacoronavirus",0,8.2806343330654
"4639","Molossus rufus","Betacoronavirus",0,13.6386397348087
"4640","Mops condylurus","Betacoronavirus",1,2.92213276221849
"4641","Mormoops megalophylla","Betacoronavirus",0,8.37957460145209
"4642","Mungos mungo","Betacoronavirus",0,1.0032987685499
"4643","Muntiacus muntjak","Betacoronavirus",0,1.0815765365741
"4644","Murina aurata","Betacoronavirus",0,2.3322198996441
"4645","Murina leucogaster","Betacoronavirus",0,12.7144257658756
"4646","Mus booduga","Betacoronavirus",0,1.94484030637163
"4647","Mus bufo","Betacoronavirus",1,1.55306612776031
"4648","Mus cervicolor","Betacoronavirus",1,1.25651794963012
"4649","Mus musculus","Betacoronavirus",1,2.10688553558779
"4650","Mus setulosus","Betacoronavirus",0,1.01188244331352
"4651","Mus spicilegus","Betacoronavirus",0,1.01062483779484
"4652","Mus spretus","Betacoronavirus",0,1.00414817075114
"4653","Mustela lutreola","Betacoronavirus",0,1.05817819031869
"4654","Mustela nigripes","Betacoronavirus",0,1.01907438621931
"4655","Mustela putorius","Betacoronavirus",0,1.92976171754157
"4656","Myocastor coypus","Betacoronavirus",0,2.46660539662648
"4657","Myodes gapperi","Betacoronavirus",0,1.0353492131609
"4658","Myodes glareolus","Betacoronavirus",1,2.52410363780073
"4659","Myodes rufocanus","Betacoronavirus",0,1.06855125286386
"4660","Myodes rutilus","Betacoronavirus",0,2.57317242391122
"4661","Myonycteris torquata","Betacoronavirus",0,1.01188244331352
"4662","Myotis albescens","Betacoronavirus",0,3.53830619292069
"4663","Myotis austroriparius","Betacoronavirus",0,3.53830619292069
"4664","Myotis blythii","Betacoronavirus",0,6.26499330443168
"4665","Myotis brandtii","Betacoronavirus",0,1.92976171754157
"4666","Myotis californicus","Betacoronavirus",0,3.53830619292069
"4667","Myotis capaccinii","Betacoronavirus",0,1.92976171754157
"4668","Myotis chiloensis","Betacoronavirus",0,3.53830619292069
"4669","Myotis dasycneme","Betacoronavirus",1,4.84127296804596
"4670","Myotis daubentonii","Betacoronavirus",1,5.10480313315881
"4671","Myotis davidii","Betacoronavirus",0,1.92976171754157
"4672","Myotis emarginatus","Betacoronavirus",1,2.92213276221849
"4673","Myotis evotis","Betacoronavirus",0,3.53830619292069
"4674","Myotis grisescens","Betacoronavirus",0,3.53830619292069
"4675","Myotis horsfieldii","Betacoronavirus",0,1.92976171754157
"4676","Myotis keenii","Betacoronavirus",0,5.10704130015552
"4677","Myotis leibii","Betacoronavirus",0,3.53830619292069
"4678","Myotis levis","Betacoronavirus",0,3.53830619292069
"4679","Myotis longipes","Betacoronavirus",0,1.92976171754157
"4680","Myotis lucifugus","Betacoronavirus",0,14.0594489775879
"4681","Myotis macrodactylus","Betacoronavirus",0,2.3322198996441
"4682","Myotis macropus","Betacoronavirus",0,1.92976171754157
"4683","Myotis myotis","Betacoronavirus",0,6.26499330443168
"4684","Myotis mystacinus","Betacoronavirus",0,8.37957460145209
"4685","Myotis nattereri","Betacoronavirus",0,6.26499330443168
"4686","Myotis nigricans","Betacoronavirus",0,14.0594489775879
"4687","Myotis punicus","Betacoronavirus",0,1.92976171754157
"4688","Myotis ricketti","Betacoronavirus",1,2.38051357909989
"4689","Myotis riparius","Betacoronavirus",0,6.26499330443168
"4690","Myotis septentrionalis","Betacoronavirus",0,9.91482249813304
"4691","Myotis thysanodes","Betacoronavirus",0,3.53830619292069
"4692","Myotis velifer","Betacoronavirus",0,6.26499330443168
"4693","Myotis volans","Betacoronavirus",0,6.26499330443168
"4694","Myotis yumanensis","Betacoronavirus",0,3.53830619292069
"4695","Myrmecophaga tridactyla","Betacoronavirus",0,1.00832131303694
"4696","Mystacina tuberculata","Betacoronavirus",0,1.92976171754157
"4697","Nanger granti","Betacoronavirus",0,1.67530726016411
"4698","Nasua narica","Betacoronavirus",0,1.17865214516359
"4699","Natalus stramineus","Betacoronavirus",0,2.3322198996441
"4700","Natalus tumidirostris","Betacoronavirus",0,2.99867100527262
"4701","Nectomys squamipes","Betacoronavirus",0,1.31178654968398
"4702","Neoromicia capensis","Betacoronavirus",1,2.92213276221849
"4703","Neoromicia nanus","Betacoronavirus",0,1.92976171754157
"4704","Neotoma cinerea","Betacoronavirus",0,1.04184383114582
"4705","Neotoma floridana","Betacoronavirus",0,3.53830619292069
"4706","Neotoma fuscipes","Betacoronavirus",0,1.92431770992025
"4707","Neovison vison","Betacoronavirus",0,1.26775223265989
"4708","Niviventer confucianus","Betacoronavirus",1,1.55306612776031
"4709","Nyctalus lasiopterus","Betacoronavirus",0,1.92976171754157
"4710","Nyctalus noctula","Betacoronavirus",1,4.84127296804596
"4711","Nyctalus plancyi","Betacoronavirus",0,1.92976171754157
"4712","Nyctereutes procyonoides","Betacoronavirus",1,2.8431897621791
"4713","Nycteris gambiensis","Betacoronavirus",0,7.35681285771154
"4714","Nycteris nana","Betacoronavirus",0,1.22685142116833
"4715","Nycteris thebaica","Betacoronavirus",0,3.53830619292069
"4716","Nycticebus coucang","Betacoronavirus",0,1.31178654968398
"4717","Nycticebus pygmaeus","Betacoronavirus",1,1.55306612776031
"4718","Nycticeius humeralis","Betacoronavirus",0,3.53830619292069
"4719","Nyctinomops laticaudatus","Betacoronavirus",1,4.84127296804596
"4720","Nyctinomops macrotis","Betacoronavirus",0,3.53830619292069
"4721","Odobenus rosmarus","Betacoronavirus",0,1.02464195526514
"4722","Odocoileus hemionus","Betacoronavirus",0,1.54635055241848
"4723","Odocoileus virginianus","Betacoronavirus",0,1.81644913676359
"4724","Oligoryzomys flavescens","Betacoronavirus",0,1.06855125286386
"4725","Oligoryzomys nigripes","Betacoronavirus",0,1.69145377882005
"4726","Ondatra zibethicus","Betacoronavirus",0,2.3322198996441
"4727","Onychomys torridus","Betacoronavirus",0,2.3322198996441
"4728","Orcinus orca","Betacoronavirus",0,2.3322198996441
"4729","Oreamnos americanus","Betacoronavirus",0,1.26405485818588
"4730","Oryctolagus cuniculus","Betacoronavirus",1,1.53967356069262
"4731","Oryx beisa","Betacoronavirus",0,1.24013908586825
"4732","Oryx gazella","Betacoronavirus",0,1.34925558190761
"4733","Oryx leucoryx","Betacoronavirus",0,1.36012840816479
"4734","Oryzomys alfaroi","Betacoronavirus",0,1.47206079056182
"4735","Oryzomys angouya","Betacoronavirus",0,1.06855125286386
"4736","Oryzomys laticeps","Betacoronavirus",0,1.98147500132955
"4737","Oryzomys megacephalus","Betacoronavirus",0,1.63746909436767
"4738","Oryzomys palustris","Betacoronavirus",0,2.3322198996441
"4739","Otocyon megalotis","Betacoronavirus",0,3.53830619292069
"4740","Otomys irroratus","Betacoronavirus",0,1.22685142116833
"4741","Otomys tropicalis","Betacoronavirus",0,1.31025362461962
"4742","Ourebia ourebi","Betacoronavirus",0,1.22685142116833
"4743","Ovibos moschatus","Betacoronavirus",0,1.03493977045864
"4744","Ovis aries","Betacoronavirus",0,1.87898549163768
"4745","Ovis canadensis","Betacoronavirus",0,1.40368157473175
"4746","Ovis dalli","Betacoronavirus",0,1.81907641510182
"4747","Ozotoceros bezoarticus","Betacoronavirus",0,1.01907438621931
"4748","Pagophilus groenlandicus","Betacoronavirus",0,1.17452343864177
"4749","Paguma larvata","Betacoronavirus",1,1.23411855085549
"4750","Pan paniscus","Betacoronavirus",0,1.04074811444959
"4751","Pan troglodytes","Betacoronavirus",1,1.41793286934419
"4752","Panthera leo","Betacoronavirus",0,1.24800285045376
"4753","Panthera pardus","Betacoronavirus",0,2.32617869268527
"4754","Papio anubis","Betacoronavirus",0,1.49640862381191
"4755","Papio cynocephalus","Betacoronavirus",0,1.06433425733895
"4756","Papio hamadryas","Betacoronavirus",0,1.26734752251968
"4757","Papio papio","Betacoronavirus",0,3.51367141750348
"4758","Papio ursinus","Betacoronavirus",0,1.18295870666214
"4759","Pelomys isseli","Betacoronavirus",0,1.04113289650897
"4760","Perameles nasuta","Betacoronavirus",0,1.31178654968398
"4761","Perognathus parvus","Betacoronavirus",0,1.04184383114582
"4762","Peromyscus boylii","Betacoronavirus",0,1.04184383114582
"4763","Peromyscus gossypinus","Betacoronavirus",0,4.21908187082261
"4764","Peromyscus leucopus","Betacoronavirus",0,3.51016119971332
"4765","Peromyscus maniculatus","Betacoronavirus",0,2.84925696276939
"4766","Peromyscus truei","Betacoronavirus",0,1.81962326901518
"4767","Phacochoerus aethiopicus","Betacoronavirus",0,1.0815765365741
"4768","Phacochoerus africanus","Betacoronavirus",0,1.00251382172829
"4769","Philander opossum","Betacoronavirus",0,2.18793770001105
"4770","Philantomba monticola","Betacoronavirus",0,1.82529679307224
"4771","Philetor brachypterus","Betacoronavirus",0,3.53830619292069
"4772","Phoca vitulina","Betacoronavirus",0,1.55909926650469
"4773","Phocoena phocoena","Betacoronavirus",0,1.11894084124331
"4774","Phocoena spinipinnis","Betacoronavirus",0,1.00042334132933
"4775","Phyllostomus discolor","Betacoronavirus",0,3.51367141750348
"4776","Phyllostomus hastatus","Betacoronavirus",0,8.51825046909762
"4777","Physeter catodon","Betacoronavirus",0,1.02760450544365
"4778","Pipistrellus abramus","Betacoronavirus",1,6.16400132952608
"4779","Pipistrellus coromandra","Betacoronavirus",0,1.92976171754157
"4780","Pipistrellus hesperidus","Betacoronavirus",1,1.55306612776031
"4781","Pipistrellus hesperus","Betacoronavirus",0,3.53830619292069
"4782","Pipistrellus inexspectatus","Betacoronavirus",0,1.92976171754157
"4783","Pipistrellus kuhlii","Betacoronavirus",1,2.35363235771182
"4784","Pipistrellus nathusii","Betacoronavirus",1,4.84127296804596
"4785","Pipistrellus pipistrellus","Betacoronavirus",1,14.1849237365405
"4786","Pipistrellus pygmaeus","Betacoronavirus",1,1.55306612776031
"4787","Pipistrellus subflavus","Betacoronavirus",0,6.26499330443168
"4788","Pithecia pithecia","Betacoronavirus",0,1.47206079056182
"4789","Platyrrhinus helleri","Betacoronavirus",0,3.51367141750348
"4790","Platyrrhinus lineatus","Betacoronavirus",0,3.53830619292069
"4791","Plecotus auritus","Betacoronavirus",0,8.37957460145209
"4792","Pongo abelii","Betacoronavirus",0,1.01754858987699
"4793","Pongo pygmaeus","Betacoronavirus",0,1.50377762360044
"4794","Potamochoerus porcus","Betacoronavirus",0,1.00251382172829
"4795","Potos flavus","Betacoronavirus",0,1.71205245413763
"4796","Praomys jacksoni","Betacoronavirus",0,2.3322198996441
"4797","Presbytis melalophos","Betacoronavirus",0,1.31178654968398
"4798","Prionailurus bengalensis","Betacoronavirus",0,1.02760450544365
"4799","Procapra gutturosa","Betacoronavirus",0,1.0815765365741
"4800","Procyon lotor","Betacoronavirus",0,4.60418741453952
"4801","Proechimys guairae","Betacoronavirus",0,1.47206079056182
"4802","Proechimys guyannensis","Betacoronavirus",0,2.92154686663267
"4803","Proechimys longicaudatus","Betacoronavirus",0,1.17865214516359
"4804","Proechimys semispinosus","Betacoronavirus",0,4.15322939610969
"4805","Proteles cristata","Betacoronavirus",0,3.53830619292069
"4806","Pseudois nayaur","Betacoronavirus",0,1.11894084124331
"4807","Ptenochirus jagori","Betacoronavirus",1,1.55306612776031
"4808","Pteronotus davyi","Betacoronavirus",1,10.0775095349073
"4809","Pteronotus parnellii","Betacoronavirus",1,9.9972619139074
"4810","Pteropus admiralitatum","Betacoronavirus",0,1.04899792138938
"4811","Pteropus alecto","Betacoronavirus",1,7.74923053527808
"4812","Pteropus capistratus","Betacoronavirus",0,1.04899792138938
"4813","Pteropus conspicillatus","Betacoronavirus",0,2.43241289039533
"4814","Pteropus giganteus","Betacoronavirus",1,5.10480313315881
"4815","Pteropus hypomelanus","Betacoronavirus",0,2.43241289039533
"4816","Pteropus lylei","Betacoronavirus",0,2.43241289039533
"4817","Pteropus neohibernicus","Betacoronavirus",0,1.04899792138938
"4818","Pteropus poliocephalus","Betacoronavirus",0,1.81928002002126
"4819","Pteropus rufus","Betacoronavirus",1,1.47231111284049
"4820","Pteropus scapulatus","Betacoronavirus",0,5.04705780225434
"4821","Pteropus vampyrus","Betacoronavirus",0,1.97736009879967
"4822","Pudu puda","Betacoronavirus",0,1.05128071898103
"4823","Puma concolor","Betacoronavirus",0,1.09047808856821
"4824","Puma yagouaroundi","Betacoronavirus",0,1.92976171754157
"4825","Pusa sibirica","Betacoronavirus",0,1.11894084124331
"4826","Rangifer tarandus","Betacoronavirus",0,3.32990441999567
"4827","Raphicerus sharpei","Betacoronavirus",0,1.0815765365741
"4828","Rattus argentiventer","Betacoronavirus",1,1.55306612776031
"4829","Rattus exulans","Betacoronavirus",0,1.04165975801225
"4830","Rattus losea","Betacoronavirus",1,1.55306612776031
"4831","Rattus norvegicus","Betacoronavirus",1,2.71339969946553
"4832","Rattus rattus","Betacoronavirus",0,2.36132650905223
"4833","Rattus tanezumi","Betacoronavirus",1,1.55306612776031
"4834","Rattus tiomanicus","Betacoronavirus",0,1.04001719560742
"4835","Redunca arundinum","Betacoronavirus",0,1.289656087581
"4836","Redunca fulvorufula","Betacoronavirus",0,1.22685142116833
"4837","Reithrodontomys megalotis","Betacoronavirus",0,2.3322198996441
"4838","Reithrodontomys mexicanus","Betacoronavirus",0,1.31178654968398
"4839","Rhinolophus affinis","Betacoronavirus",1,2.38051357909989
"4840","Rhinolophus blasii","Betacoronavirus",1,1.33987286894321
"4841","Rhinolophus capensis","Betacoronavirus",0,1.92976171754157
"4842","Rhinolophus clivosus","Betacoronavirus",1,2.92213276221849
"4843","Rhinolophus coelophyllus","Betacoronavirus",0,1.92976171754157
"4844","Rhinolophus cornutus","Betacoronavirus",1,1.55306612776031
"4845","Rhinolophus creaghi","Betacoronavirus",1,1.55306612776031
"4846","Rhinolophus eloquens","Betacoronavirus",0,1.12245572255526
"4847","Rhinolophus euryale","Betacoronavirus",1,2.11755653412313
"4848","Rhinolophus ferrumequinum","Betacoronavirus",1,7.80430448918816
"4849","Rhinolophus hildebrandtii","Betacoronavirus",0,1.17865214516359
"4850","Rhinolophus hipposideros","Betacoronavirus",1,1.55306612776031
"4851","Rhinolophus macrotis","Betacoronavirus",1,1.33987286894321
"4852","Rhinolophus megaphyllus","Betacoronavirus",0,1.92976171754157
"4853","Rhinolophus mehelyi","Betacoronavirus",1,1.55306612776031
"4854","Rhinolophus monoceros","Betacoronavirus",1,1.55306612776031
"4855","Rhinolophus pearsonii","Betacoronavirus",1,1.33987286894321
"4856","Rhinolophus pusillus","Betacoronavirus",1,5.53012917220909
"4857","Rhinolophus rex","Betacoronavirus",1,2.92213276221849
"4858","Rhinolophus rouxii","Betacoronavirus",0,2.3322198996441
"4859","Rhinolophus shameli","Betacoronavirus",0,1.92976171754157
"4860","Rhinolophus simulator","Betacoronavirus",0,1.92976171754157
"4861","Rhinolophus sinicus","Betacoronavirus",1,1.93903031969274
"4862","Rhinolophus stheno","Betacoronavirus",0,1.92976171754157
"4863","Rhinolophus thomasi","Betacoronavirus",1,1.55306612776031
"4864","Rhinonicteris aurantia","Betacoronavirus",1,1.55306612776031
"4865","Rhinopoma hardwickii","Betacoronavirus",1,2.92213276221849
"4866","Rhombomys opimus","Betacoronavirus",0,1.22916731134261
"4867","Rhynchonycteris naso","Betacoronavirus",0,1.47206079056182
"4868","Rousettus aegyptiacus","Betacoronavirus",1,6.75671846671107
"4869","Rousettus amplexicaudatus","Betacoronavirus",1,2.98683897987933
"4870","Rousettus leschenaultii","Betacoronavirus",1,4.12739901936883
"4871","Rupicapra pyrenaica","Betacoronavirus",0,1.05128071898103
"4872","Rupicapra rupicapra","Betacoronavirus",0,1.03745451931148
"4873","Rusa timorensis","Betacoronavirus",0,1.0376609227898
"4874","Rusa unicolor","Betacoronavirus",0,1.0815765365741
"4875","Saccolaimus flaviventris","Betacoronavirus",0,3.53830619292069
"4876","Saccolaimus saccolaimus","Betacoronavirus",0,3.53830619292069
"4877","Saguinus geoffroyi","Betacoronavirus",0,2.3322198996441
"4878","Saguinus labiatus","Betacoronavirus",0,1.00103706229558
"4879","Saguinus midas","Betacoronavirus",0,1.47206079056182
"4880","Saiga tatarica","Betacoronavirus",0,1.0815765365741
"4881","Saimiri sciureus","Betacoronavirus",0,1.40030175080319
"4882","Sciurus carolinensis","Betacoronavirus",0,2.80817176558584
"4883","Sciurus granatensis","Betacoronavirus",0,1.47206079056182
"4884","Sciurus griseus","Betacoronavirus",0,1.41122211844969
"4885","Sciurus niger","Betacoronavirus",0,9.91482249813304
"4886","Sciurus variegatoides","Betacoronavirus",0,1.47206079056182
"4887","Sciurus vulgaris","Betacoronavirus",0,1.05304314731131
"4888","Scotophilus dinganii","Betacoronavirus",1,2.92213276221849
"4889","Scotophilus kuhlii","Betacoronavirus",0,8.97010329971479
"4890","Scotophilus leucogaster","Betacoronavirus",1,2.92213276221849
"4891","Scotophilus nigrita","Betacoronavirus",0,2.3322198996441
"4892","Scotophilus nux","Betacoronavirus",0,1.92976171754157
"4893","Semnopithecus entellus","Betacoronavirus",0,1.79799414232656
"4894","Sigmodon hispidus","Betacoronavirus",0,3.44504272463356
"4895","Sorex araneus","Betacoronavirus",0,1.65989994406533
"4896","Spermophilus beecheyi","Betacoronavirus",0,2.23441321319374
"4897","Spermophilus citellus","Betacoronavirus",0,1.00280867328298
"4898","Spermophilus columbianus","Betacoronavirus",0,1.04184383114582
"4899","Spermophilus fulvus","Betacoronavirus",0,1.06855125286386
"4900","Spermophilus lateralis","Betacoronavirus",0,1.04184383114582
"4901","Spermophilus parryii","Betacoronavirus",0,1.01754858987699
"4902","Spermophilus richardsonii","Betacoronavirus",0,1.33037624299554
"4903","Spermophilus tridecemlineatus","Betacoronavirus",0,4.62764872744216
"4904","Spermophilus undulatus","Betacoronavirus",0,3.53830619292069
"4905","Spermophilus variegatus","Betacoronavirus",0,3.53830619292069
"4906","Stenella coeruleoalba","Betacoronavirus",0,1.11894084124331
"4907","Sturnira erythromos","Betacoronavirus",0,1.92976171754157
"4908","Sturnira lilium","Betacoronavirus",0,11.2336579071482
"4909","Sturnira ludovici","Betacoronavirus",0,1.47206079056182
"4910","Sturnira tildae","Betacoronavirus",0,2.3322198996441
"4911","Suncus murinus","Betacoronavirus",0,4.62976081656905
"4912","Suricata suricatta","Betacoronavirus",0,3.53830619292069
"4913","Sus scrofa","Betacoronavirus",1,1.47484926853267
"4914","Syconycteris australis","Betacoronavirus",0,1.22685142116833
"4915","Sylvicapra grimmia","Betacoronavirus",0,1.23841044646351
"4916","Sylvilagus aquaticus","Betacoronavirus",0,1.31178654968398
"4917","Sylvilagus audubonii","Betacoronavirus",0,4.15322939610969
"4918","Sylvilagus bachmani","Betacoronavirus",0,1.00722645869908
"4919","Sylvilagus brasiliensis","Betacoronavirus",0,1.39046200296402
"4920","Sylvilagus floridanus","Betacoronavirus",0,1.19689078114456
"4921","Sylvilagus nuttallii","Betacoronavirus",0,2.3322198996441
"4922","Syncerus caffer","Betacoronavirus",0,1.48431791482512
"4923","Tadarida brasiliensis","Betacoronavirus",0,14.0594489775879
"4924","Tadarida teniotis","Betacoronavirus",0,3.53830619292069
"4925","Tamandua tetradactyla","Betacoronavirus",0,3.51016119971332
"4926","Tamias amoenus","Betacoronavirus",0,1.04184383114582
"4927","Tamias minimus","Betacoronavirus",0,1.04184383114582
"4928","Tamias striatus","Betacoronavirus",0,8.2806343330654
"4929","Tamias umbrinus","Betacoronavirus",0,1.04184383114582
"4930","Tamiasciurus hudsonicus","Betacoronavirus",0,1.61447482471276
"4931","Taphozous melanopogon","Betacoronavirus",0,8.37957460145209
"4932","Taphozous perforatus","Betacoronavirus",1,4.30065151977732
"4933","Taphozous theobaldi","Betacoronavirus",0,1.31178654968398
"4934","Tatera indica","Betacoronavirus",0,2.44338402604892
"4935","Taurotragus oryx","Betacoronavirus",0,1.60616557443487
"4936","Taxidea taxus","Betacoronavirus",0,1.11894084124331
"4937","Thomomys talpoides","Betacoronavirus",0,2.3322198996441
"4938","Thryonomys swinderianus","Betacoronavirus",0,1.22685142116833
"4939","Tolypeutes matacus","Betacoronavirus",0,3.51367141750348
"4940","Trachypithecus cristatus","Betacoronavirus",0,1.44969347045921
"4941","Trachypithecus francoisi","Betacoronavirus",0,2.3322198996441
"4942","Trachypithecus obscurus","Betacoronavirus",0,1.00434795131668
"4943","Tragelaphus angasii","Betacoronavirus",0,1.22685142116833
"4944","Tragelaphus eurycerus","Betacoronavirus",0,1.05128071898103
"4945","Tragelaphus imberbis","Betacoronavirus",0,1.20125438940074
"4946","Tragelaphus scriptus","Betacoronavirus",0,1.39004906643141
"4947","Tragelaphus strepsiceros","Betacoronavirus",0,2.13911983475058
"4948","Tragulus javanicus","Betacoronavirus",0,1.05128071898103
"4949","Triaenops persicus","Betacoronavirus",1,2.92213276221849
"4950","Trichosurus vulpecula","Betacoronavirus",0,1.28747301047604
"4951","Trinomys iheringi","Betacoronavirus",0,1.31178654968398
"4952","Tupaia belangeri","Betacoronavirus",0,1.02464195526514
"4953","Tursiops truncatus","Betacoronavirus",0,1.11894084124331
"4954","Tylomys nudicaudus","Betacoronavirus",0,1.17865214516359
"4955","Tylonycteris pachypus","Betacoronavirus",1,1.55306612776031
"4956","Tylonycteris robustula","Betacoronavirus",0,1.92976171754157
"4957","Urocyon cinereoargenteus","Betacoronavirus",0,3.3343920618956
"4958","Urocyon littoralis","Betacoronavirus",0,1.12439387471844
"4959","Uroderma bilobatum","Betacoronavirus",0,5.70246043229314
"4960","Ursus americanus","Betacoronavirus",0,1.26275617931671
"4961","Ursus arctos","Betacoronavirus",0,1.47206079056182
"4962","Ursus maritimus","Betacoronavirus",0,1.17653343803334
"4963","Vampyrodes caraccioli","Betacoronavirus",0,1.17865214516359
"4964","Vandeleuria oleracea","Betacoronavirus",0,2.3322198996441
"4965","Varecia variegata","Betacoronavirus",0,1.04207631437411
"4966","Vespadelus baverstocki","Betacoronavirus",0,1.92976171754157
"4967","Vespadelus pumilus","Betacoronavirus",0,2.3322198996441
"4968","Vespadelus regulus","Betacoronavirus",0,1.92976171754157
"4969","Vespertilio murinus","Betacoronavirus",0,3.53830619292069
"4970","Vespertilio sinensis","Betacoronavirus",1,3.66048846330974
"4971","Vicugna vicugna","Betacoronavirus",1,1.75214900432671
"4972","Vulpes corsac","Betacoronavirus",0,3.53830619292069
"4973","Vulpes lagopus","Betacoronavirus",0,3.53830619292069
"4974","Vulpes velox","Betacoronavirus",0,2.43395611797459
"4975","Vulpes vulpes","Betacoronavirus",0,5.22911515277332
"4976","Zalophus californianus","Betacoronavirus",0,1.02760450544365
"4977","Zygodontomys brevicauda","Betacoronavirus",0,1.98147500132955
