"","Sp","Count"
"1","Myotis_muricola",0.275131578947368
"2","Pipistrellus_tenuis",0.274210526315789
"3","Rhinolophus_ferrumequinum",0.273552631578947
"4","Rhinolophus_luctus",0.272368421052632
"5","Scotophilus_kuhlii",0.270131578947368
"6","Pipistrellus_javanicus",0.269868421052632
"7","Rhinolophus_macrotis",0.265
"8","Rhinolophus_affinis",0.263026315789474
"9","Myotis_siligorensis",0.262105263157895
"10","Rousettus_leschenaultii",0.261842105263158
"11","Cynopterus_sphinx",0.261447368421053
"12","Eptesicus_serotinus",0.260789473684211
"13","Pipistrellus_pipistrellus",0.260657894736842
"14","Kerivoula_hardwickii",0.258421052631579
"15","Pipistrellus_coromandra",0.258289473684211
"16","Rhinolophus_pearsonii",0.2575
"17","Myotis_formosus",0.256578947368421
"18","Rhinolophus_pusillus",0.253552631578947
"19","Scotomanes_ornatus",0.252368421052632
"20","Barbastella_leucomelas",0.251315789473684
"21","Myotis_horsfieldii",0.250921052631579
"22","Rousettus_amplexicaudatus",0.250526315789474
"23","Myotis_chinensis",0.250394736842105
"24","Tylonycteris_robustula",0.250131578947368
"25","Rhinolophus_stheno",0.249605263157895
"26","Rhinolophus_thomasi",0.249210526315789
"27","Murina_cyclotis",0.247763157894737
"28","Rhinolophus_malayanus",0.247763157894737
"29","Scotophilus_heathii",0.247236842105263
"30","Tylonycteris_pachypus",0.246447368421053
"31","Cynopterus_brachyotis",0.246184210526316
"32","Myotis_laniger",0.245921052631579
"33","Lissonycteris_angolensis",0.245394736842105
"34","Kerivoula_picta",0.245263157894737
"35","Rousettus_aegyptiacus",0.244736842105263
"36","Pipistrellus_ceylonicus",0.244605263157895
"37","Nyctalus_leisleri",0.243815789473684
"38","Rhinolophus_sinicus",0.243684210526316
"39","Harpiocephalus_harpia",0.243289473684211
"40","Rhinolophus_lepidus",0.242894736842105
"41","Epomophorus_minor",0.2425
"42","Macroglossus_sobrinus",0.2425
"43","Myotis_blythii",0.242368421052632
"44","Macroglossus_minimus",0.241842105263158
"45","Pipistrellus_paterculus",0.241184210526316
"46","Hypsignathus_monstrosus",0.240921052631579
"47","Myotis_montivagus",0.240263157894737
"48","Megaerops_niphanae",0.239736842105263
"49","Rhinolophus_blasii",0.239736842105263
"50","Myotis_altarium",0.238947368421053
"51","Rhinolophus_marshalli",0.238815789473684
"52","Rhinolophus_shortridgei",0.238552631578947
"53","Pipistrellus_abramus",0.237894736842105
"54","Rhinolophus_acuminatus",0.237763157894737
"55","Rhinolophus_hildebrandtii",0.2375
"56","Ia_io",0.237368421052632
"57","Rhinolophus_landeri",0.237236842105263
"58","Rhinolophus_hipposideros",0.237105263157895
"59","Eonycteris_spelaea",0.236973684210526
"60","Rhinolophus_fumigatus",0.236973684210526
"61","Epomophorus_wahlbergi",0.236842105263158
"62","Rhinolophus_trifoliatus",0.236184210526316
"63","Neoromicia_rendalli",0.235921052631579
"64","Pipistrellus_kuhlii",0.235394736842105
"65","Myotis_myotis",0.235263157894737
"66","Pteropus_vampyrus",0.235131578947368
"67","Myotis_nattereri",0.234210526315789
"68","Myotis_bechsteinii",0.234078947368421
"69","Myotis_mystacinus",0.233947368421053
"70","Myotis_daubentonii",0.233552631578947
"71","Kerivoula_lanosa",0.233157894736842
"72","Murina_tubinaris",0.232894736842105
"73","Rhinolophus_paradoxolophus",0.232631578947368
"74","Scotophilus_dinganii",0.232236842105263
"75","Micropteropus_pusillus",0.232105263157895
"76","Myotis_welwitschii",0.231710526315789
"77","Eidolon_helvum",0.231052631578947
"78","Plecotus_austriacus",0.230789473684211
"79","Rhinolophus_eloquens",0.230263157894737
"80","Rhinolophus_siamensis",0.23
"81","Kerivoula_papillosa",0.229605263157895
"82","Glischropus_tylopus",0.229342105263158
"83","Eptesicus_bottae",0.229078947368421
"84","Epomops_dobsonii",0.228947368421053
"85","Falsistrellus_affinis",0.228947368421053
"86","Rhinolophus_clivosus",0.228289473684211
"87","Barbastella_barbastellus",0.228157894736842
"88","Hipposideros_cineraceus",0.228157894736842
"89","Glauconycteris_variegata",0.227894736842105
"90","Neoromicia_tenuipinnis",0.227763157894737
"91","Nycticeinops_schlieffeni",0.227763157894737
"92","Rhinolophus_coelophyllus",0.227631578947368
"93","Myotis_tricolor",0.227368421052632
"94","Pteropus_giganteus",0.227105263157895
"95","Scotophilus_viridis",0.227105263157895
"96","Myotis_brandtii",0.226842105263158
"97","Scotoecus_hirundo",0.226842105263158
"98","Phoniscus_jagorii",0.226710526315789
"99","Sphaerias_blanfordi",0.226710526315789
"100","Cynopterus_horsfieldii",0.226447368421053
"101","Epomophorus_crypturus",0.226447368421053
"102","Pipistrellus_rueppellii",0.226447368421053
"103","Rhinolophus_euryale",0.226447368421053
"104","Rhinolophus_mehelyi",0.226447368421053
"105","Rhinolophus_shameli",0.226315789473684
"106","Murina_leucogaster",0.226184210526316
"107","Nanonycteris_veldkampii",0.226184210526316
"108","Epomophorus_minimus",0.225921052631579
"109","Myotis_emarginatus",0.225921052631579
"110","Plecotus_auritus",0.225921052631579
"111","Murina_aurata",0.225394736842105
"112","Myotis_bocagii",0.225394736842105
"113","Pipistrellus_rusticus",0.225394736842105
"114","Epomophorus_labiatus",0.225263157894737
"115","Myonycteris_torquata",0.224868421052632
"116","Hipposideros_armiger",0.224736842105263
"117","Epomops_buettikoferi",0.224210526315789
"118","Myotis_annectans",0.224210526315789
"119","Myotis_hasseltii",0.224210526315789
"120","Rhinolophus_alcyone",0.224078947368421
"121","Arielulus_circumdatus",0.223815789473684
"122","Neoromicia_capensis",0.223684210526316
"123","Rhinolophus_rouxii",0.223684210526316
"124","Epomophorus_gambianus",0.223552631578947
"125","Hesperoptenus_blanfordi",0.223552631578947
"126","Pipistrellus_nathusii",0.223026315789474
"127","Rhinolophus_yunanensis",0.223026315789474
"128","Hesperoptenus_tickelli",0.222894736842105
"129","Hipposideros_larvatus",0.2225
"130","Scotonycteris_zenkeri",0.2225
"131","Vespertilio_murinus",0.2225
"132","Nyctalus_plancyi",0.221842105263158
"133","Hipposideros_pomona",0.221578947368421
"134","Myotis_adversus",0.221447368421053
"135","Neoromicia_guineensis",0.221052631578947
"136","Harpiocephalus_mordax",0.220789473684211
"137","Mimetillus_moloneyi",0.220789473684211
"138","Pipistrellus_stenopterus",0.220789473684211
"139","Myotis_nipalensis",0.220657894736842
"140","Eptesicus_pachyotis",0.219736842105263
"141","Scotophilus_nigrita",0.219473684210526
"142","Rhinolophus_swinnyi",0.219342105263158
"143","Plerotes_anchietae",0.218947368421053
"144","Scotoecus_albofuscus",0.218815789473684
"145","Cynopterus_titthaecheilus",0.218684210526316
"146","Cynopterus_minutus",0.218552631578947
"147","Megaerops_ecaudatus",0.218421052631579
"148","Coelops_frithii",0.218026315789474
"149","Myotis_capaccinii",0.218026315789474
"150","Pipistrellus_hesperidus",0.217894736842105
"151","Myotis_fimbriatus",0.217763157894737
"152","Hypsugo_savii",0.217368421052632
"153","Kerivoula_pellucida",0.217236842105263
"154","Myotis_ridleyi",0.216973684210526
"155","Scotophilus_leucogaster",0.216973684210526
"156","Myotis_frater",0.216710526315789
"157","Nyctalus_noctula",0.216184210526316
"158","Epomops_franqueti",0.216052631578947
"159","Murina_suilla",0.216052631578947
"160","Glauconycteris_poensis",0.215263157894737
"161","Glauconycteris_argentata",0.215131578947368
"162","Kerivoula_argentata",0.214736842105263
"163","Nyctalus_lasiopterus",0.214473684210526
"164","Philetor_brachypterus",0.214473684210526
"165","Hipposideros_ater",0.213684210526316
"166","Megaloglossus_woermanni",0.213289473684211
"167","Rhinolophus_simulator",0.213289473684211
"168","Rousettus_spinalatus",0.213157894736842
"169","Penthetor_lucasi",0.213026315789474
"170","Micropteropus_intermedius",0.212763157894737
"171","Eonycteris_major",0.212631578947368
"172","Epomophorus_angolensis",0.212631578947368
"173","Rhinolophus_sedulus",0.212368421052632
"174","Chironax_melanocephalus",0.211842105263158
"175","Scotophilus_collinus",0.211578947368421
"176","Murina_huttoni",0.211052631578947
"177","Laephotis_wintoni",0.210789473684211
"178","Pipistrellus_pygmaeus",0.210789473684211
"179","Pipistrellus_nanulus",0.210657894736842
"180","Kerivoula_intermedia",0.210526315789474
"181","Myotis_rosseti",0.210526315789474
"182","Pteropus_lylei",0.210394736842105
"183","Balionycteris_maculata",0.210263157894737
"184","Neoromicia_zuluensis",0.209736842105263
"185","Pipistrellus_inexspectatus",0.209605263157895
"186","Rousettus_lanosus",0.209473684210526
"187","Scotonycteris_ophiodon",0.208947368421053
"188","Eptesicus_nasutus",0.208815789473684
"189","Dyacopterus_brooksi",0.208815789473684
"190","Hipposideros_lylei",0.207763157894737
"191","Scotophilus_nux",0.207763157894737
"192","Myotis_keaysi",0.2075
"193","Otonycteris_hemprichii",0.2075
"194","Plecotus_kolombatovici",0.2075
"195","Neoromicia_melckorum",0.207368421052632
"196","Casinycteris_argynnis",0.205657894736842
"197","Dyacopterus_spadiceus",0.205526315789474
"198","Rhinolophus_darlingi",0.205526315789474
"199","Eptesicus_nilssonii",0.205263157894737
"200","Laephotis_botswanae",0.205
"201","Myotis_albescens",0.204736842105263
"202","Rhinolophus_borneensis",0.204473684210526
"203","Kerivoula_minuta",0.204210526315789
"204","Aethalops_alecto",0.203947368421053
"205","Megaderma_lyra",0.203947368421053
"206","Myotis_dasycneme",0.203947368421053
"207","Rhinolophus_denti",0.203552631578947
"208","Rhinolophus_philippinensis",0.203552631578947
"209","Cynopterus_luzoniensis",0.203421052631579
"210","Aselliscus_stoliczkanus",0.203157894736842
"211","Megaerops_wetmorei",0.203157894736842
"212","Kerivoula_smithii",0.202763157894737
"213","Glauconycteris_humeralis",0.202368421052632
"214","Eptesicus_gobiensis",0.202105263157895
"215","Chaerephon_pumilus",0.201447368421053
"216","Kerivoula_phalaena",0.201447368421053
"217","Lasiurus_blossevillii",0.201447368421053
"218","Lasiurus_ega",0.201315789473684
"219","Neoromicia_helios",0.201315789473684
"220","Kerivoula_whiteheadi",0.200921052631579
"221","Myonycteris_relicta",0.200789473684211
"222","Phoniscus_atrox",0.200789473684211
"223","Rhogeessa_io",0.200789473684211
"224","Myotis_scotti",0.200657894736842
"225","Kerivoula_cuprosa",0.200526315789474
"226","Myotis_nigricans",0.200394736842105
"227","Myotis_punicus",0.200394736842105
"228","Kerivoula_lenis",0.200263157894737
"229","Nyctalus_aviator",0.200131578947368
"230","Eptesicus_hottentotus",0.2
"231","Eptesicus_brasiliensis",0.199868421052632
"232","Taphozous_melanopogon",0.199605263157895
"233","Hipposideros_pratti",0.199473684210526
"234","Eptesicus_furinalis",0.199342105263158
"235","Myotis_oxyotus",0.199342105263158
"236","Myotis_riparius",0.199078947368421
"237","Glauconycteris_beatrix",0.198552631578947
"238","Nyctalus_montanus",0.198421052631579
"239","Pteropus_hypomelanus",0.198421052631579
"240","Pteropus_intermedius",0.198289473684211
"241","Hipposideros_diadema",0.197894736842105
"242","Tadarida_teniotis",0.197631578947368
"243","Miniopterus_magnater",0.1975
"244","Rhinolophus_arcuatus",0.197236842105263
"245","Rousettus_madagascariensis",0.196973684210526
"246","Rhinolophus_robinsoni",0.196842105263158
"247","Murina_aenea",0.196578947368421
"248","Rhogeessa_minutilla",0.196578947368421
"249","Rousettus_bidens",0.195526315789474
"250","Asellia_tridens",0.195394736842105
"251","Eptesicus_andinus",0.195394736842105
"252","Ptenochirus_minor",0.195394736842105
"253","Lasiurus_egregius",0.195
"254","Myotis_macrodactylus",0.194868421052632
"255","Pipistrellus_deserti",0.194736842105263
"256","Harpyionycteris_whiteheadi",0.194473684210526
"257","Rhinolophus_subbadius",0.194473684210526
"258","Rhinolophus_celebensis",0.194078947368421
"259","Eptesicus_diminutus",0.193947368421053
"260","Rhinolophus_guineensis",0.193815789473684
"261","Megaderma_spasma",0.193421052631579
"262","Aethalops_aequalis",0.193289473684211
"263","Rhinolophus_deckenii",0.193289473684211
"264","Scotozous_dormeri",0.192894736842105
"265","Cynopterus_nusatenggara",0.192763157894737
"266","Myonycteris_brachycephala",0.191973684210526
"267","Rhinolophus_creaghi",0.191973684210526
"268","Pteropus_griseus",0.191842105263158
"269","Rhogeessa_tumida",0.191578947368421
"270","Myotis_pequinius",0.191447368421053
"271","Vespertilio_sinensis",0.191447368421053
"272","Myotis_schaubi",0.191315789473684
"273","Myotis_ater",0.191184210526316
"274","Myotis_levis",0.191052631578947
"275","Myotis_longipes",0.191052631578947
"276","Myotis_macrotarsus",0.191052631578947
"277","Glauconycteris_egeria",0.190921052631579
"278","Hipposideros_caffer",0.190921052631579
"279","Eptesicus_chiriquinus",0.190789473684211
"280","Eidolon_dupreanum",0.190657894736842
"281","Miniopterus_schreibersii",0.190657894736842
"282","Rhinolophus_rex",0.190657894736842
"283","Rousettus_obliviosus",0.190657894736842
"284","Myotis_sicarius",0.190263157894737
"285","Rhinolophus_bocharicus",0.190263157894737
"286","Myotis_moluccarum",0.190131578947368
"287","Pipistrellus_westralis",0.189736842105263
"288","Eptesicus_fuscus",0.189342105263158
"289","Glauconycteris_alboguttata",0.189342105263158
"290","Myotis_simus",0.189342105263158
"291","Falsistrellus_mordax",0.189210526315789
"292","Myotis_fortidens",0.189210526315789
"293","Pipistrellus_papuanus",0.189210526315789
"294","Acerodon_jubatus",0.189078947368421
"295","Hesperoptenus_tomesi",0.189078947368421
"296","Dobsonia_peronii",0.189078947368421
"297","Eptesicus_matroka",0.188815789473684
"298","Pteropus_scapulatus",0.188684210526316
"299","Myotis_elegans",0.188552631578947
"300","Lasiurus_intermedius",0.188421052631579
"301","Megaerops_kusnotoi",0.188421052631579
"302","Pteropus_keyensis",0.188421052631579
"303","Rousettus_celebensis",0.188421052631579
"304","Ptenochirus_jagori",0.188289473684211
"305","Rhinolophus_subrufus",0.187894736842105
"306","Rhinolophus_beddomei",0.187763157894737
"307","Acerodon_mackloti",0.187631578947368
"308","Hipposideros_galeritus",0.1875
"309","Eonycteris_robusta",0.187236842105263
"310","Lasiurus_cinereus",0.187105263157895
"311","Pteropus_lombocensis",0.186973684210526
"312","Pteropus_leucopterus",0.186842105263158
"313","Myotis_thysanodes",0.186710526315789
"314","Chaerephon_ansorgei",0.186578947368421
"315","Murina_rozendaali",0.186578947368421
"316","Chaerephon_plicatus",0.186447368421053
"317","Myotis_hajastanicus",0.186447368421053
"318","Rhinolophus_inops",0.186447368421053
"319","Cistugo_seabrae",0.186315789473684
"320","Histiotus_montanus",0.186315789473684
"321","Dobsonia_minor",0.186184210526316
"322","Rhinolophus_virgo",0.186052631578947
"323","Myotis_melanorhinus",0.185789473684211
"324","Eptesicus_floweri",0.185657894736842
"325","Pteropus_mahaganus",0.185657894736842
"326","Hypsugo_macrotis",0.185394736842105
"327","Styloctenium_wallacei",0.185394736842105
"328","Haplonycteris_fischeri",0.185
"329","Pteropus_ocularis",0.184473684210526
"330","Rhinolophus_silvestris",0.184078947368421
"331","Acerodon_celebensis",0.183947368421053
"332","Otopteropus_cartilagonodus",0.183947368421053
"333","Myotis_macropus",0.183815789473684
"334","Harpyionycteris_celebensis",0.183684210526316
"335","Myotis_bucharensis",0.183552631578947
"336","Dobsonia_anderseni",0.183421052631579
"337","Dobsonia_crenulata",0.183289473684211
"338","Myotis_ikonnikovi",0.183289473684211
"339","Myotis_davidii",0.183157894736842
"340","Pteropus_rennelli",0.182894736842105
"341","Pipistrellus_adamsi",0.182763157894737
"342","Pteropus_niger",0.182763157894737
"343","Antrozous_pallidus",0.182631578947368
"344","Myotis_goudoti",0.182631578947368
"345","Nyctimene_cephalotes",0.182631578947368
"346","Pteropus_speciosus",0.182631578947368
"347","Pteropus_tuberculatus",0.182631578947368
"348","Pipistrellus_subflavus",0.1825
"349","Myotis_yumanensis",0.1825
"350","Tadarida_aegyptiaca",0.1825
"351","Eptesicus_innoxius",0.182368421052632
"352","Pipistrellus_collinus",0.182368421052632
"353","Pteropus_conspicillatus",0.182368421052632
"354","Scotophilus_nucella",0.182368421052632
"355","Pteropus_woodfordi",0.182236842105263
"356","Bauerus_dubiaquercus",0.182105263157895
"357","Chaerephon_nigeriae",0.182105263157895
"358","Pteropus_dasymallus",0.182105263157895
"359","Falsistrellus_petersi",0.181710526315789
"360","Myotis_ruber",0.181710526315789
"361","Pteropus_neohibernicus",0.181710526315789
"362","Hipposideros_cyclops",0.181578947368421
"363","Histiotus_velatus",0.181578947368421
"364","Dobsonia_exoleta",0.181447368421053
"365","Mops_condylurus",0.181447368421053
"366","Myotis_bombinus",0.181315789473684
"367","Pteropus_mariannus",0.181315789473684
"368","Rhinolophus_megaphyllus",0.181315789473684
"369","Miniopterus_pusillus",0.181184210526316
"370","Pteropus_admiralitatum",0.181184210526316
"371","Myotis_nesopolus",0.181052631578947
"372","Thoopterus_nigrescens",0.181052631578947
"373","Pteropus_melanopogon",0.180921052631579
"374","Rhinopoma_hardwickii",0.180921052631579
"375","Kerivoula_flora",0.180789473684211
"376","Pteropus_chrysoproctus",0.180789473684211
"377","Pteropus_pohlei",0.180789473684211
"378","Murina_hilgendorfi",0.180657894736842
"379","Myotis_velifer",0.180657894736842
"380","Pteropus_samoensis",0.180657894736842
"381","Lasiurus_insularis",0.180526315789474
"382","Melonycteris_melanops",0.180394736842105
"383","Laephotis_angolensis",0.18
"384","Taphozous_longimanus",0.18
"385","Lasiurus_xanthinus",0.179868421052632
"386","Nycteris_thebaica",0.179868421052632
"387","Pteropus_melanotus",0.179868421052632
"388","Nyctimene_masalai",0.179736842105263
"389","Nyctimene_rabori",0.179736842105263
"390","Pteropus_seychellensis",0.179736842105263
"391","Rhinolophus_hillorum",0.179736842105263
"392","Nyctimene_minutus",0.179605263157895
"393","Pteropus_personatus",0.179605263157895
"394","Chaerephon_chapini",0.179473684210526
"395","Dobsonia_viridis",0.179473684210526
"396","Rhogeessa_parvula",0.179473684210526
"397","Pipistrellus_maderensis",0.179342105263158
"398","Pteropus_pumilus",0.179342105263158
"399","Acerodon_leucotis",0.179210526315789
"400","Pteropus_loochoensis",0.179210526315789
"401","Rhinolophus_ruwenzorii",0.179210526315789
"402","Murina_puta",0.179210526315789
"403","Myotis_auriculus",0.179078947368421
"404","Scotophilus_robustus",0.179078947368421
"405","Dobsonia_pannietensis",0.178947368421053
"406","Nyctophilus_geoffroyi",0.178815789473684
"407","Lasiurus_minor",0.178684210526316
"408","Pipistrellus_hesperus",0.178552631578947
"409","Myotis_hermani",0.178421052631579
"410","Vespadelus_caurinus",0.178421052631579
"411","Vespadelus_troughtoni",0.178421052631579
"412","Dobsonia_emersa",0.178289473684211
"413","Pteropus_rayneri",0.178289473684211
"414","Rhogeessa_aeneus",0.178157894736842
"415","Tadarida_ventralis",0.178157894736842
"416","Scotophilus_celebensis",0.178026315789474
"417","Pteropus_caniceps",0.177894736842105
"418","Scotoecus_pallidus",0.177894736842105
"419","Pteropus_capistratus",0.177763157894737
"420","Pteropus_pelewensis",0.177631578947368
"421","Pteropus_tonganus",0.177631578947368
"422","Syconycteris_hobbit",0.177631578947368
"423","Myotis_aelleni",0.1775
"424","Pteralopex_atrata",0.1775
"425","Chaerephon_aloysiisabaudiae",0.177236842105263
"426","Corynorhinus_mexicanus",0.177236842105263
"427","Dobsonia_inermis",0.177105263157895
"428","Histiotus_laephotis",0.177105263157895
"429","Myotis_stalkeri",0.176973684210526
"430","Myotis_volans",0.176973684210526
"431","Nyctimene_draconilla",0.176973684210526
"432","Latidens_salimalii",0.176710526315789
"433","Myotis_dominicensis",0.176710526315789
"434","Murina_florium",0.176578947368421
"435","Myotis_austroriparius",0.176578947368421
"436","Pipistrellus_wattsi",0.176578947368421
"437","Pteropus_gilliardorum",0.176447368421053
"438","Pteropus_macrotis",0.176447368421053
"439","Rhinolophus_capensis",0.176447368421053
"440","Chalinolobus_nigrogriseus",0.176184210526316
"441","Chalinolobus_picatus",0.176184210526316
"442","Hipposideros_ruber",0.176184210526316
"443","Rhogeessa_alleni",0.176184210526316
"444","Pteropus_vetulus",0.176052631578947
"445","Chaerephon_major",0.175921052631579
"446","Eptesicus_tatei",0.175789473684211
"447","Nyctimene_major",0.175789473684211
"448","Histiotus_macrotus",0.175657894736842
"449","Lasiurus_pfeifferi",0.175526315789474
"450","Pteropus_insularis",0.175526315789474
"451","Rhinopoma_microphyllum",0.175526315789474
"452","Myotis_ciliolabrum",0.175394736842105
"453","Kerivoula_muscina",0.175263157894737
"454","Pipistrellus_angulatus",0.175131578947368
"455","Hypsugo_joffrei",0.175
"456","Myotis_insularum",0.175
"457","Myotis_pruinosus",0.175
"458","Scotorepens_sanborni",0.175
"459","Lasiurus_castaneus",0.174868421052632
"460","Myotis_oreias",0.174868421052632
"461","Myotis_grisescens",0.174736842105263
"462","Paranyctimene_raptor",0.174736842105263
"463","Syconycteris_australis",0.174736842105263
"464","Myotis_evotis",0.174605263157895
"465","Myotis_martiniquensis",0.174605263157895
"466","Neopteryx_frosti",0.174605263157895
"467","Otomops_martiensseni",0.174605263157895
"468","Pteralopex_pulchra",0.174605263157895
"469","Rhinolophus_rufus",0.174605263157895
"470","Euderma_maculatum",0.174473684210526
"471","Myotis_keenii",0.174473684210526
"472","Pteropus_ornatus",0.174473684210526
"473","Triaenops_persicus",0.174473684210526
"474","Eudiscopus_denticulus",0.174342105263158
"475","Myotis_occultus",0.174342105263158
"476","Rhinolophus_euryotis",0.174342105263158
"477","Scotorepens_orion",0.174342105263158
"478","Myotis_californicus",0.174210526315789
"479","Pteropus_temminckii",0.174210526315789
"480","Nyctimene_albiventer",0.174078947368421
"481","Rhogeessa_gracilis",0.174078947368421
"482","Scoteanax_rueppellii",0.174078947368421
"483","Hypsugo_vordermanni",0.173815789473684
"484","Nyctophilus_timoriensis",0.173815789473684
"485","Chalinolobus_gouldii",0.173552631578947
"486","Eptesicus_japonensis",0.173552631578947
"487","Hypsugo_kitcheneri",0.173552631578947
"488","Myotis_australis",0.173552631578947
"489","Rhinolophus_formosae",0.173552631578947
"490","Syconycteris_carolinae",0.173552631578947
"491","Corynorhinus_townsendii",0.173421052631579
"492","Hipposideros_grandis",0.173421052631579
"493","Pteropus_cognatus",0.173421052631579
"494","Plecotus_taivanus",0.173289473684211
"495","Nyctimene_certans",0.173157894736842
"496","Pipistrellus_endoi",0.173157894736842
"497","Pteropus_anetianus",0.173157894736842
"498","Rhinolophus_maclaudi",0.173157894736842
"499","Saccolaimus_saccolaimus",0.173157894736842
"500","Arielulus_societatis",0.173026315789474
"501","Dobsonia_beauforti",0.173026315789474
"502","Myotis_vivesi",0.173026315789474
"503","Nyctimene_malaitensis",0.173026315789474
"504","Pteropus_alecto",0.173026315789474
"505","Nyctophilus_microtis",0.172894736842105
"506","Pteropus_aruensis",0.172894736842105
"507","Idionycteris_phyllotis",0.172763157894737
"508","Nyctimene_vizcaccia",0.172763157894737
"509","Arielulus_cuprosus",0.172631578947368
"510","Melonycteris_woodfordi",0.172631578947368
"511","Alionycteris_paucidentata",0.1725
"512","Nyctophilus_bifax",0.172368421052632
"513","Rhogeessa_mira",0.172368421052632
"514","Hipposideros_bicolor",0.172236842105263
"515","Myotis_planiceps",0.172105263157895
"516","Pteropus_poliocephalus",0.172105263157895
"517","Rhinolophus_canuti",0.172105263157895
"518","Rhinolophus_keyensis",0.172105263157895
"519","Eptesicus_bobrinskoi",0.171973684210526
"520","Myotis_chiloensis",0.171973684210526
"521","Notopteris_macdonaldi",0.171973684210526
"522","Taphozous_theobaldi",0.171973684210526
"523","Vespadelus_finlaysoni",0.171842105263158
"524","Dobsonia_praedatrix",0.171578947368421
"525","Neoromicia_flavescens",0.171578947368421
"526","Nycteris_macrotis",0.171447368421053
"527","Mops_demonstrator",0.171447368421053
"528","Myotis_septentrionalis",0.171447368421053
"529","Myotis_sodalis",0.171447368421053
"530","Scotorepens_greyii",0.171447368421053
"531","Lasiurus_salinae",0.171315789473684
"532","Myotis_lucifugus",0.171315789473684
"533","Nyctophilus_arnhemensis",0.171315789473684
"534","Dobsonia_moluccensis",0.171184210526316
"535","Vespadelus_baverstocki",0.171052631578947
"536","Miniopterus_natalensis",0.170921052631579
"537","Murina_ussuriensis",0.170789473684211
"538","Histiotus_alienus",0.170657894736842
"539","Laephotis_namibensis",0.170657894736842
"540","Nyctophilus_gouldi",0.170394736842105
"541","Pteralopex_anceps",0.170263157894737
"542","Hipposideros_megalotis",0.170131578947368
"543","Hipposideros_vittatus",0.170131578947368
"544","Nycteris_hispida",0.170131578947368
"545","Nycticeius_cubanus",0.17
"546","Tadarida_insignis",0.17
"547","Eptesicus_guadeloupensis",0.169868421052632
"548","Rhinolophus_cognatus",0.169868421052632
"549","Taphozous_mauritianus",0.169868421052632
"550","Kerivoula_agnella",0.169736842105263
"551","Mops_trevori",0.169605263157895
"552","Notopteris_neocaledonica",0.169605263157895
"553","Rhinolophus_nereis",0.169605263157895
"554","Histiotus_magellanicus",0.169473684210526
"555","Plecotus_teneriffae",0.169473684210526
"556","Hipposideros_cervinus",0.169342105263158
"557","Hipposideros_lekaguli",0.169210526315789
"558","Nyctimene_aello",0.169210526315789
"559","Nyctimene_robinsoni",0.169078947368421
"560","Chalinolobus_tuberculatus",0.168947368421053
"561","Eptesicus_dimissus",0.168947368421053
"562","Kerivoula_myrella",0.168947368421053
"563","Murina_tenebrosa",0.168947368421053
"564","Pharotis_imogene",0.168947368421053
"565","Vespadelus_pumilus",0.168947368421053
"566","Falsistrellus_mackenziei",0.168815789473684
"567","Hipposideros_fulvus",0.168815789473684
"568","Falsistrellus_tasmaniensis",0.168684210526316
"569","Pteropus_rufus",0.168684210526316
"570","Nycticeius_humeralis",0.168552631578947
"571","Hipposideros_doriae",0.168421052631579
"572","Mops_nanulus",0.168289473684211
"573","Myotis_findleyi",0.168157894736842
"574","Chaerephon_bivittatus",0.167894736842105
"575","Chalinolobus_morio",0.167894736842105
"576","Chalinolobus_neocaledonicus",0.167894736842105
"577","Hipposideros_gigas",0.167894736842105
"578","Nyctophilus_walkeri",0.167894736842105
"579","Cistugo_lesueuri",0.167631578947368
"580","Hipposideros_beatus",0.167631578947368
"581","Taphozous_perforatus",0.1675
"582","Vespadelus_vulturnus",0.1675
"583","Rhogeessa_genowaysi",0.167105263157895
"584","Lasionycteris_noctivagans",0.167105263157895
"585","Nyctimene_cyclotis",0.167105263157895
"586","Rhinolophus_madurensis",0.166973684210526
"587","Myotis_atacamensis",0.166710526315789
"588","Myotis_leibii",0.166710526315789
"589","Lavia_frons",0.166447368421053
"590","Scotophilus_borbonicus",0.166315789473684
"591","Chalinolobus_dwyeri",0.166184210526316
"592","Glauconycteris_machadoi",0.165921052631579
"593","Mops_brachypterus",0.165789473684211
"594","Nyctalus_furvus",0.165789473684211
"595","Myotis_peninsularis",0.165657894736842
"596","Phoniscus_papuensis",0.165657894736842
"597","Nyctophilus_microdon",0.165526315789474
"598","Chaerephon_bemmeleni",0.165131578947368
"599","Cheiromeles_torquatus",0.165131578947368
"600","Lasiurus_degelidus",0.165
"601","Vespadelus_darlingtoni",0.165
"602","Hesperoptenus_doriae",0.164736842105263
"603","Corynorhinus_rafinesquii",0.164605263157895
"604","Hipposideros_dyacorum",0.164473684210526
"605","Mops_thersites",0.164342105263158
"606","Nyctophilus_heran",0.164210526315789
"607","Vespadelus_regulus",0.164210526315789
"608","Lasiurus_borealis",0.163157894736842
"609","Nycteris_grandis",0.162763157894737
"610","Scotorepens_balstoni",0.1625
"611","Mops_mops",0.162368421052632
"612","Mops_midas",0.162236842105263
"613","Tadarida_latouchei",0.162236842105263
"614","Hipposideros_abae",0.161973684210526
"615","Vespadelus_douglasorum",0.161973684210526
"616","Lasiurus_varius",0.161447368421053
"617","Hipposideros_ridleyi",0.161052631578947
"618","Coleura_afra",0.160526315789474
"619","Myopterus_daubentonii",0.160263157894737
"620","Taphozous_nudiventris",0.159868421052632
"621","Hipposideros_jonesi",0.159210526315789
"622","Lasiurus_seminolus",0.159078947368421
"623","Mops_spurrelli",0.158947368421053
"624","Mops_niveiventer",0.157631578947368
"625","Nycteris_tragata",0.157631578947368
"626","Hipposideros_turpis",0.1575
"627","Miniopterus_fraterculus",0.156447368421053
"628","Miniopterus_medius",0.156447368421053
"629","Miniopterus_inflatus",0.156315789473684
"630","Sauromys_petrophilus",0.156184210526316
"631","Vampyressa_thyone",0.156052631578947
"632","Platyrrhinus_brachycephalus",0.155657894736842
"633","Nycteris_nana",0.155263157894737
"634","Nycteris_arge",0.155131578947368
"635","Choeroniscus_minor",0.155
"636","Artibeus_cinereus",0.154605263157895
"637","Vampyrodes_caraccioli",0.154473684210526
"638","Artibeus_glaucus",0.154210526315789
"639","Ametrida_centurio",0.153815789473684
"640","Cloeotis_percivali",0.153289473684211
"641","Artibeus_jamaicensis",0.153026315789474
"642","Miniopterus_australis",0.152368421052632
"643","Myopterus_whitleyi",0.152236842105263
"644","Emballonura_monticola",0.152105263157895
"645","Micronycteris_schmidtorum",0.151710526315789
"646","Hipposideros_speoris",0.151447368421053
"647","Anoura_cultrata",0.151315789473684
"648","Artibeus_concolor",0.151184210526316
"649","Chiroderma_salvini",0.150921052631579
"650","Hipposideros_fuliginosus",0.150921052631579
"651","Lophostoma_silvicolum",0.150789473684211
"652","Rhinophylla_fischerae",0.150657894736842
"653","Molossops_mattogrossensis",0.150657894736842
"654","Chiroderma_villosum",0.150263157894737
"655","Emballonura_alecto",0.150263157894737
"656","Lonchophylla_thomasi",0.150263157894737
"657","Vampyressa_bidens",0.150263157894737
"658","Tadarida_fulminans",0.149736842105263
"659","Mormoops_megalophylla",0.149605263157895
"660","Rhinophylla_pumilio",0.149473684210526
"661","Micronycteris_hirsuta",0.149342105263158
"662","Micronycteris_megalotis",0.149078947368421
"663","Micronycteris_microtis",0.149078947368421
"664","Artibeus_amplus",0.148947368421053
"665","Cardioderma_cor",0.148947368421053
"666","Molossus_coibensis",0.148947368421053
"667","Mops_congicus",0.148947368421053
"668","Cynomops_greenhalli",0.148684210526316
"669","Hipposideros_lankadiva",0.148684210526316
"670","Nycteris_aurita",0.148684210526316
"671","Pteronotus_gymnonotus",0.148421052631579
"672","Glyphonycteris_daviesi",0.148289473684211
"673","Platyrrhinus_helleri",0.148289473684211
"674","Vampyrum_spectrum",0.148289473684211
"675","Molossus_pretiosus",0.148157894736842
"676","Centurio_senex",0.148026315789474
"677","Sturnira_lilium",0.148026315789474
"678","Trinycteris_nicefori",0.147894736842105
"679","Enchisthenes_hartii",0.147763157894737
"680","Mesophylla_macconnelli",0.147631578947368
"681","Mimon_bennettii",0.147631578947368
"682","Eumops_perotis",0.1475
"683","Glyphonycteris_sylvestris",0.1475
"684","Lophostoma_carrikeri",0.147368421052632
"685","Lophostoma_brasiliense",0.147236842105263
"686","Anoura_caudifer",0.146973684210526
"687","Tadarida_lobata",0.146973684210526
"688","Anoura_latidens",0.146578947368421
"689","Sphaeronycteris_toxophyllum",0.146578947368421
"690","Chaerephon_johorensis",0.146447368421053
"691","Saccolaimus_peli",0.146447368421053
"692","Asellia_patrizii",0.146315789473684
"693","Diphylla_ecaudata",0.146184210526316
"694","Nycteris_intermedia",0.145921052631579
"695","Platyrrhinus_vittatus",0.145921052631579
"696","Furipterus_horrens",0.145394736842105
"697","Tonatia_saurophila",0.145394736842105
"698","Sturnira_luisi",0.145263157894737
"699","Platyrrhinus_aurarius",0.144868421052632
"700","Platymops_setiger",0.144736842105263
"701","Pteronotus_personatus",0.144736842105263
"702","Nyctinomops_macrotis",0.144605263157895
"703","Carollia_castanea",0.144473684210526
"704","Chaerephon_russatus",0.144473684210526
"705","Chiroderma_trinitatum",0.144473684210526
"706","Nyctinomops_aurispinosus",0.144473684210526
"707","Artibeus_anderseni",0.144210526315789
"708","Chiroderma_doriae",0.144210526315789
"709","Lampronycteris_brachyotis",0.144078947368421
"710","Glossophaga_commissarisi",0.144078947368421
"711","Lonchorhina_aurita",0.144078947368421
"712","Lophostoma_schulzi",0.144078947368421
"713","Carollia_brevicauda",0.143684210526316
"714","Eumops_trumbulli",0.143421052631579
"715","Lionycteris_spurrelli",0.143421052631579
"716","Mimon_crenulatum",0.143421052631579
"717","Choeroniscus_godmani",0.143157894736842
"718","Mimon_cozumelae",0.143157894736842
"719","Phyllostomus_latifolius",0.143157894736842
"720","Platyrrhinus_lineatus",0.143026315789474
"721","Nycteris_major",0.142894736842105
"722","Sturnira_erythromos",0.142631578947368
"723","Leptonycteris_curasoae",0.1425
"724","Uroderma_magnirostrum",0.1425
"725","Cynomops_paranus",0.142368421052632
"726","Sturnira_tildae",0.142105263157895
"727","Pygoderma_bilabiatum",0.141973684210526
"728","Sturnira_bogotensis",0.141973684210526
"729","Promops_nasutus",0.141973684210526
"730","Eumops_hansae",0.141842105263158
"731","Molossus_molossus",0.141842105263158
"732","Tadarida_brasiliensis",0.141842105263158
"733","Lonchorhina_orinocensis",0.141710526315789
"734","Promops_centralis",0.141578947368421
"735","Artibeus_gnomus",0.141447368421053
"736","Eumops_dabbenei",0.141447368421053
"737","Molossops_neglectus",0.141447368421053
"738","Anoura_geoffroyi",0.141315789473684
"739","Thyroptera_discifera",0.141315789473684
"740","Lonchophylla_robusta",0.141184210526316
"741","Hipposideros_curtus",0.141052631578947
"742","Glossophaga_longirostris",0.140921052631579
"743","Artibeus_toltecus",0.140789473684211
"744","Eumops_auripendulus",0.140657894736842
"745","Nycteris_woodi",0.140657894736842
"746","Phyllostomus_elongatus",0.140526315789474
"747","Artibeus_watsoni",0.140131578947368
"748","Nycteris_gambiensis",0.140131578947368
"749","Coelops_robinsoni",0.14
"750","Molossus_sinaloae",0.14
"751","Vampyressa_brocki",0.14
"752","Uroderma_bilobatum",0.139473684210526
"753","Glossophaga_soricina",0.139210526315789
"754","Vampyressa_melissa",0.139210526315789
"755","Rhinopoma_muscatellum",0.138947368421053
"756","Phylloderma_stenops",0.138815789473684
"757","Pteronotus_davyi",0.138684210526316
"758","Platyrrhinus_dorsalis",0.138552631578947
"759","Vampyressa_nymphaea",0.138552631578947
"760","Cynomops_abrasus",0.138421052631579
"761","Leptonycteris_yerbabuenae",0.138421052631579
"762","Noctilio_leporinus",0.138289473684211
"763","Artibeus_fimbriatus",0.138026315789474
"764","Phyllostomus_discolor",0.138026315789474
"765","Sturnira_bidens",0.137894736842105
"766","Thyroptera_tricolor",0.137894736842105
"767","Sturnira_magna",0.137631578947368
"768","Eumops_maurus",0.1375
"769","Mops_sarasinorum",0.1375
"770","Molossops_temminckii",0.137105263157895
"771","Phyllostomus_hastatus",0.136973684210526
"772","Macrotus_waterhousii",0.136710526315789
"773","Micronycteris_minuta",0.136447368421053
"774","Glossophaga_morenoi",0.136184210526316
"775","Nycteris_javanica",0.136184210526316
"776","Artibeus_inopinatus",0.136052631578947
"777","Cheiromeles_parvidens",0.136052631578947
"778","Platyrrhinus_infuscus",0.136052631578947
"779","Hipposideros_obscurus",0.135921052631579
"780","Mops_leucostigma",0.135921052631579
"781","Platyrrhinus_recifinus",0.135789473684211
"782","Molossus_currentium",0.135657894736842
"783","Diaemus_youngi",0.135526315789474
"784","Eumops_patagonicus",0.135526315789474
"785","Eumops_underwoodi",0.135526315789474
"786","Artibeus_aztecus",0.135394736842105
"787","Artibeus_lituratus",0.135263157894737
"788","Trachops_cirrhosus",0.135263157894737
"789","Desmodus_rotundus",0.135131578947368
"790","Sturnira_ludovici",0.135131578947368
"791","Artibeus_phaeotis",0.135
"792","Noctilio_albiventris",0.135
"793","Tonatia_bidens",0.134736842105263
"794","Artibeus_obscurus",0.134605263157895
"795","Choeronycteris_mexicana",0.134210526315789
"796","Hipposideros_halophyllus",0.134078947368421
"797","Lophostoma_evotis",0.133947368421053
"798","Miniopterus_shortridgei",0.133947368421053
"799","Macrophyllum_macrophyllum",0.133552631578947
"800","Cynomops_planirostris",0.133289473684211
"801","Carollia_subrufa",0.133157894736842
"802","Vampyressa_pusilla",0.133157894736842
"803","Triaenops_rufus",0.132894736842105
"804","Miniopterus_tristis",0.132763157894737
"805","Scleronycteris_ega",0.132763157894737
"806","Ectophylla_alba",0.132368421052632
"807","Chrotopterus_auritus",0.132105263157895
"808","Stenoderma_rufum",0.132105263157895
"809","Molossus_rufus",0.131842105263158
"810","Otomops_wroughtoni",0.131578947368421
"811","Brachyphylla_cavernarum",0.131447368421053
"812","Lichonycteris_obscura",0.131315789473684
"813","Sturnira_oporaphilum",0.131184210526316
"814","Chaerephon_jobensis",0.130921052631579
"815","Eumops_glaucinus",0.130921052631579
"816","Mops_petersoni",0.130921052631579
"817","Leptonycteris_nivalis",0.130789473684211
"818","Carollia_perspicillata",0.130526315789474
"819","Hipposideros_papua",0.130526315789474
"820","Artibeus_hirsutus",0.130263157894737
"821","Platyrrhinus_umbratus",0.130131578947368
"822","Glossophaga_leachii",0.129736842105263
"823","Hipposideros_sumbae",0.129473684210526
"824","Nyctinomops_femorosaccus",0.129473684210526
"825","Ariteus_flavescens",0.129342105263158
"826","Phyllonycteris_poeyi",0.129210526315789
"827","Artibeus_fraterculus",0.128947368421053
"828","Glyphonycteris_behnii",0.128947368421053
"829","Mormopterus_beccarii",0.128947368421053
"830","Saccopteryx_canescens",0.128947368421053
"831","Hipposideros_muscinus",0.128815789473684
"832","Nyctinomops_laticaudatus",0.128815789473684
"833","Rhynchonycteris_naso",0.128684210526316
"834","Ardops_nichollsi",0.128552631578947
"835","Miniopterus_minor",0.128289473684211
"836","Lonchophylla_hesperia",0.128157894736842
"837","Platyrrhinus_chocoensis",0.128157894736842
"838","Mops_niangarae",0.127894736842105
"839","Cyttarops_alecto",0.127763157894737
"840","Rhinophylla_alethina",0.1275
"841","Hipposideros_stenotis",0.127236842105263
"842","Macroderma_gigas",0.127236842105263
"843","Neonycteris_pusilla",0.127105263157895
"844","Hipposideros_maggietaylorae",0.126973684210526
"845","Sturnira_aratathomasi",0.126973684210526
"846","Hipposideros_pygmaeus",0.126842105263158
"847","Lonchorhina_marinkellei",0.126710526315789
"848","Saccopteryx_leptura",0.126710526315789
"849","Peropteryx_kappleri",0.126578947368421
"850","Erophylla_bombifrons",0.126447368421053
"851","Hipposideros_calcaratus",0.126315789473684
"852","Hipposideros_camerunensis",0.126184210526316
"853","Choeroniscus_periosus",0.126052631578947
"854","Cynomops_mexicanus",0.126052631578947
"855","Lonchorhina_fernandezi",0.126052631578947
"856","Brachyphylla_nana",0.125657894736842
"857","Sturnira_thomasi",0.125526315789474
"858","Monophyllus_redmani",0.125263157894737
"859","Otomops_formosus",0.125263157894737
"860","Hipposideros_crumeniferus",0.125131578947368
"861","Musonycteris_harrisoni",0.125
"862","Sturnira_mordax",0.125
"863","Natalus_tumidirostris",0.124868421052632
"864","Diclidurus_scutatus",0.124736842105263
"865","Hipposideros_pelingensis",0.124736842105263
"866","Hipposideros_coxi",0.124342105263158
"867","Chaerephon_solomonis",0.124342105263158
"868","Hipposideros_thomensis",0.124342105263158
"869","Macrotus_californicus",0.124210526315789
"870","Peropteryx_leucoptera",0.123947368421053
"871","Hipposideros_durgadasi",0.123684210526316
"872","Platalina_genovensium",0.123684210526316
"873","Hipposideros_marisae",0.123421052631579
"874","Hipposideros_semoni",0.123289473684211
"875","Hipposideros_inornatus",0.123157894736842
"876","Lonchophylla_mordax",0.122763157894737
"877","Erophylla_sezekorni",0.122631578947368
"878","Pteronotus_macleayii",0.1225
"879","Diclidurus_albus",0.122368421052632
"880","Hylonycteris_underwoodi",0.122368421052632
"881","Phyllops_falcatus",0.122368421052632
"882","Peropteryx_macrotis",0.122236842105263
"883","Cormura_brevirostris",0.122236842105263
"884","Saccopteryx_bilineata",0.122105263157895
"885","Taphozous_hildegardeae",0.121973684210526
"886","Miniopterus_majori",0.121842105263158
"887","Hipposideros_lamottei",0.121578947368421
"888","Lonchophylla_bokermanni",0.121578947368421
"889","Molossus_barnesi",0.121578947368421
"890","Hipposideros_macrobullatus",0.121447368421053
"891","Lonchophylla_handleyi",0.121447368421053
"892","Hipposideros_coronatus",0.121315789473684
"893","Saccopteryx_gymnura",0.121315789473684
"894","Taphozous_hamiltoni",0.120921052631579
"895","Mormopterus_doriae",0.120526315789474
"896","Centronycteris_maximiliani",0.120394736842105
"897","Sturnira_nana",0.120131578947368
"898","Triaenops_furculus",0.120131578947368
"899","Diclidurus_isabellus",0.119736842105263
"900","Centronycteris_centralis",0.119605263157895
"901","Nyctiellus_lepidus",0.119605263157895
"902","Otomops_madagascariensis",0.119605263157895
"903","Hipposideros_corynophyllus",0.119342105263158
"904","Hipposideros_demissus",0.119342105263158
"905","Monophyllus_plethodon",0.119210526315789
"906","Tadarida_australis",0.119210526315789
"907","Chiroderma_improvisum",0.118815789473684
"908","Mormopterus_kalinowskii",0.118815789473684
"909","Lonchophylla_dekeyseri",0.118684210526316
"910","Mormopterus_loriae",0.118421052631579
"911","Mormopterus_norfolkensis",0.118157894736842
"912","Molossops_aequatorianus",0.118026315789474
"913","Chaerephon_gallagheri",0.117763157894737
"914","Eumops_bonariensis",0.117763157894737
"915","Amorphochilus_schnablii",0.117631578947368
"916","Hipposideros_commersoni",0.116973684210526
"917","Mormopterus_jugularis",0.116973684210526
"918","Triaenops_auritus",0.116710526315789
"919","Miniopterus_manavi",0.116578947368421
"920","Mormopterus_acetabulosus",0.116315789473684
"921","Mormopterus_minutus",0.116315789473684
"922","Anthops_ornatus",0.115921052631579
"923","Craseonycteris_thonglongyai",0.115921052631579
"924","Mimon_koepckeae",0.115921052631579
"925","Miniopterus_paululus",0.115921052631579
"926","Mosia_nigrescens",0.115921052631579
"927","Rhinonicteris_aurantia",0.115789473684211
"928","Diclidurus_ingens",0.115131578947368
"929","Taphozous_georgianus",0.115131578947368
"930","Hipposideros_dinops",0.114868421052632
"931","Tadarida_kuboriensis",0.114736842105263
"932","Molossus_aztecus",0.114605263157895
"933","Mormopterus_planiceps",0.114605263157895
"934","Balantiopteryx_plicata",0.113552631578947
"935","Hipposideros_wollastoni",0.112105263157895
"936","Balantiopteryx_io",0.111973684210526
"937","Aselliscus_tricuspidatus",0.111710526315789
"938","Mormopterus_phrudus",0.111447368421053
"939","Emballonura_atrata",0.110921052631579
"940","Otomops_papuensis",0.110921052631579
"941","Taphozous_achates",0.110789473684211
"942","Chaerephon_bregullae",0.110394736842105
"943","Mystacina_tuberculata",0.109736842105263
"944","Taphozous_kapalgensis",0.109605263157895
"945","Tomopeas_ravus",0.108947368421053
"946","Natalus_primus",0.108815789473684
"947","Saccolaimus_mixtus",0.108815789473684
"948","Nycteris_madagascariensis",0.108552631578947
"949","Nycteris_vinsoni",0.107763157894737
"950","Taphozous_australis",0.107763157894737
"951","Chilonatalus_tumidifrons",0.107631578947368
"952","Miniopterus_macrocneme",0.107368421052632
"953","Mormoops_blainvillei",0.107368421052632
"954","Saccolaimus_flaviventris",0.107236842105263
"955","Pteronotus_parnellii",0.106710526315789
"956","Balantiopteryx_infusca",0.106447368421053
"957","Natalus_major",0.106184210526316
"958","Pteronotus_quadridens",0.105921052631579
"959","Emballonura_beccarii",0.105789473684211
"960","Natalus_jamaicensis",0.105131578947368
"961","Emballonura_furax",0.104868421052632
"962","Taphozous_hilli",0.104736842105263
"963","Natalus_stramineus",0.104605263157895
"964","Emballonura_raffrayana",0.104342105263158
"965","Peropteryx_trinitatis",0.104342105263158
"966","Myzopoda_aurita",0.104210526315789
"967","Nycteris_parisii",0.103947368421053
"968","Chilonatalus_micropus",0.103421052631579
"969","Taphozous_troughtoni",0.103421052631579
"970","Miniopterus_fuscus",0.100789473684211
"971","Miniopterus_robustior",0.100263157894737
"972","Emballonura_dianae",0.0998684210526316
"973","Emballonura_semicaudata",0.0986842105263158
