"Sp","Count"
"Myotis_muricola",0.275131578947368
"Pipistrellus_tenuis",0.274210526315789
"Rhinolophus_ferrumequinum",0.273552631578947
"Rhinolophus_luctus",0.272368421052632
"Scotophilus_kuhlii",0.270131578947368
"Pipistrellus_javanicus",0.269868421052632
"Rhinolophus_macrotis",0.265
"Rhinolophus_affinis",0.263026315789474
"Myotis_siligorensis",0.262105263157895
"Rousettus_leschenaultii",0.261842105263158
"Cynopterus_sphinx",0.261447368421053
"Eptesicus_serotinus",0.260789473684211
"Pipistrellus_pipistrellus",0.260657894736842
"Kerivoula_hardwickii",0.258421052631579
"Pipistrellus_coromandra",0.258289473684211
"Rhinolophus_pearsonii",0.2575
"Myotis_formosus",0.256578947368421
"Rhinolophus_pusillus",0.253552631578947
"Scotomanes_ornatus",0.252368421052632
"Barbastella_leucomelas",0.251315789473684
"Myotis_horsfieldii",0.250921052631579
"Rousettus_amplexicaudatus",0.250526315789474
"Myotis_chinensis",0.250394736842105
"Tylonycteris_robustula",0.250131578947368
"Rhinolophus_stheno",0.249605263157895
"Rhinolophus_thomasi",0.249210526315789
"Murina_cyclotis",0.247763157894737
"Rhinolophus_malayanus",0.247763157894737
"Scotophilus_heathii",0.247236842105263
"Tylonycteris_pachypus",0.246447368421053
"Cynopterus_brachyotis",0.246184210526316
"Myotis_laniger",0.245921052631579
"Lissonycteris_angolensis",0.245394736842105
"Kerivoula_picta",0.245263157894737
"Rousettus_aegyptiacus",0.244736842105263
"Pipistrellus_ceylonicus",0.244605263157895
"Nyctalus_leisleri",0.243815789473684
"Rhinolophus_sinicus",0.243684210526316
"Harpiocephalus_harpia",0.243289473684211
"Rhinolophus_lepidus",0.242894736842105
"Epomophorus_minor",0.2425
"Macroglossus_sobrinus",0.2425
"Myotis_blythii",0.242368421052632
"Macroglossus_minimus",0.241842105263158
"Pipistrellus_paterculus",0.241184210526316
"Hypsignathus_monstrosus",0.240921052631579
"Myotis_montivagus",0.240263157894737
"Megaerops_niphanae",0.239736842105263
"Rhinolophus_blasii",0.239736842105263
"Myotis_altarium",0.238947368421053
"Rhinolophus_marshalli",0.238815789473684
"Rhinolophus_shortridgei",0.238552631578947
"Pipistrellus_abramus",0.237894736842105
"Rhinolophus_acuminatus",0.237763157894737
"Rhinolophus_hildebrandtii",0.2375
"Ia_io",0.237368421052632
"Rhinolophus_landeri",0.237236842105263
"Rhinolophus_hipposideros",0.237105263157895
"Eonycteris_spelaea",0.236973684210526
"Rhinolophus_fumigatus",0.236973684210526
"Epomophorus_wahlbergi",0.236842105263158
"Rhinolophus_trifoliatus",0.236184210526316
"Neoromicia_rendalli",0.235921052631579
"Pipistrellus_kuhlii",0.235394736842105
"Myotis_myotis",0.235263157894737
"Pteropus_vampyrus",0.235131578947368
"Myotis_nattereri",0.234210526315789
"Myotis_bechsteinii",0.234078947368421
"Myotis_mystacinus",0.233947368421053
"Myotis_daubentonii",0.233552631578947
"Kerivoula_lanosa",0.233157894736842
"Murina_tubinaris",0.232894736842105
"Rhinolophus_paradoxolophus",0.232631578947368
"Scotophilus_dinganii",0.232236842105263
"Micropteropus_pusillus",0.232105263157895
"Myotis_welwitschii",0.231710526315789
"Eidolon_helvum",0.231052631578947
"Plecotus_austriacus",0.230789473684211
"Rhinolophus_eloquens",0.230263157894737
"Rhinolophus_siamensis",0.23
"Kerivoula_papillosa",0.229605263157895
"Glischropus_tylopus",0.229342105263158
"Eptesicus_bottae",0.229078947368421
"Epomops_dobsonii",0.228947368421053
"Falsistrellus_affinis",0.228947368421053
"Rhinolophus_clivosus",0.228289473684211
"Barbastella_barbastellus",0.228157894736842
"Hipposideros_cineraceus",0.228157894736842
"Glauconycteris_variegata",0.227894736842105
"Neoromicia_tenuipinnis",0.227763157894737
"Nycticeinops_schlieffeni",0.227763157894737
"Rhinolophus_coelophyllus",0.227631578947368
"Myotis_tricolor",0.227368421052632
"Pteropus_giganteus",0.227105263157895
"Scotophilus_viridis",0.227105263157895
"Myotis_brandtii",0.226842105263158
"Scotoecus_hirundo",0.226842105263158
"Phoniscus_jagorii",0.226710526315789
"Sphaerias_blanfordi",0.226710526315789
"Cynopterus_horsfieldii",0.226447368421053
"Epomophorus_crypturus",0.226447368421053
"Pipistrellus_rueppellii",0.226447368421053
"Rhinolophus_euryale",0.226447368421053
"Rhinolophus_mehelyi",0.226447368421053
"Rhinolophus_shameli",0.226315789473684
"Murina_leucogaster",0.226184210526316
"Nanonycteris_veldkampii",0.226184210526316
"Epomophorus_minimus",0.225921052631579
"Myotis_emarginatus",0.225921052631579
"Plecotus_auritus",0.225921052631579
"Murina_aurata",0.225394736842105
"Myotis_bocagii",0.225394736842105
"Pipistrellus_rusticus",0.225394736842105
"Epomophorus_labiatus",0.225263157894737
"Myonycteris_torquata",0.224868421052632
"Hipposideros_armiger",0.224736842105263
"Epomops_buettikoferi",0.224210526315789
"Myotis_annectans",0.224210526315789
"Myotis_hasseltii",0.224210526315789
"Rhinolophus_alcyone",0.224078947368421
"Arielulus_circumdatus",0.223815789473684
"Neoromicia_capensis",0.223684210526316
"Rhinolophus_rouxii",0.223684210526316
"Epomophorus_gambianus",0.223552631578947
"Hesperoptenus_blanfordi",0.223552631578947
"Pipistrellus_nathusii",0.223026315789474
"Rhinolophus_yunanensis",0.223026315789474
"Hesperoptenus_tickelli",0.222894736842105
"Hipposideros_larvatus",0.2225
"Scotonycteris_zenkeri",0.2225
"Vespertilio_murinus",0.2225
"Nyctalus_plancyi",0.221842105263158
"Hipposideros_pomona",0.221578947368421
"Myotis_adversus",0.221447368421053
"Neoromicia_guineensis",0.221052631578947
"Harpiocephalus_mordax",0.220789473684211
"Mimetillus_moloneyi",0.220789473684211
"Pipistrellus_stenopterus",0.220789473684211
"Myotis_nipalensis",0.220657894736842
"Eptesicus_pachyotis",0.219736842105263
"Scotophilus_nigrita",0.219473684210526
"Rhinolophus_swinnyi",0.219342105263158
"Plerotes_anchietae",0.218947368421053
"Scotoecus_albofuscus",0.218815789473684
"Cynopterus_titthaecheilus",0.218684210526316
"Cynopterus_minutus",0.218552631578947
"Megaerops_ecaudatus",0.218421052631579
"Coelops_frithii",0.218026315789474
"Myotis_capaccinii",0.218026315789474
"Pipistrellus_hesperidus",0.217894736842105
"Myotis_fimbriatus",0.217763157894737
"Hypsugo_savii",0.217368421052632
"Kerivoula_pellucida",0.217236842105263
"Myotis_ridleyi",0.216973684210526
"Scotophilus_leucogaster",0.216973684210526
"Myotis_frater",0.216710526315789
"Nyctalus_noctula",0.216184210526316
"Epomops_franqueti",0.216052631578947
"Murina_suilla",0.216052631578947
"Glauconycteris_poensis",0.215263157894737
"Glauconycteris_argentata",0.215131578947368
"Kerivoula_argentata",0.214736842105263
"Nyctalus_lasiopterus",0.214473684210526
"Philetor_brachypterus",0.214473684210526
"Hipposideros_ater",0.213684210526316
"Megaloglossus_woermanni",0.213289473684211
"Rhinolophus_simulator",0.213289473684211
"Rousettus_spinalatus",0.213157894736842
"Penthetor_lucasi",0.213026315789474
"Micropteropus_intermedius",0.212763157894737
"Eonycteris_major",0.212631578947368
"Epomophorus_angolensis",0.212631578947368
"Rhinolophus_sedulus",0.212368421052632
"Chironax_melanocephalus",0.211842105263158
"Scotophilus_collinus",0.211578947368421
"Murina_huttoni",0.211052631578947
"Laephotis_wintoni",0.210789473684211
"Pipistrellus_pygmaeus",0.210789473684211
"Pipistrellus_nanulus",0.210657894736842
"Kerivoula_intermedia",0.210526315789474
"Myotis_rosseti",0.210526315789474
"Pteropus_lylei",0.210394736842105
"Balionycteris_maculata",0.210263157894737
"Neoromicia_zuluensis",0.209736842105263
"Pipistrellus_inexspectatus",0.209605263157895
"Rousettus_lanosus",0.209473684210526
"Scotonycteris_ophiodon",0.208947368421053
"Eptesicus_nasutus",0.208815789473684
"Dyacopterus_brooksi",0.208815789473684
"Hipposideros_lylei",0.207763157894737
"Scotophilus_nux",0.207763157894737
"Myotis_keaysi",0.2075
"Otonycteris_hemprichii",0.2075
"Plecotus_kolombatovici",0.2075
"Neoromicia_melckorum",0.207368421052632
"Casinycteris_argynnis",0.205657894736842
"Dyacopterus_spadiceus",0.205526315789474
"Rhinolophus_darlingi",0.205526315789474
"Eptesicus_nilssonii",0.205263157894737
"Laephotis_botswanae",0.205
"Myotis_albescens",0.204736842105263
"Rhinolophus_borneensis",0.204473684210526
"Kerivoula_minuta",0.204210526315789
"Aethalops_alecto",0.203947368421053
"Megaderma_lyra",0.203947368421053
"Myotis_dasycneme",0.203947368421053
"Rhinolophus_denti",0.203552631578947
"Rhinolophus_philippinensis",0.203552631578947
"Cynopterus_luzoniensis",0.203421052631579
"Aselliscus_stoliczkanus",0.203157894736842
"Megaerops_wetmorei",0.203157894736842
"Kerivoula_smithii",0.202763157894737
"Glauconycteris_humeralis",0.202368421052632
"Eptesicus_gobiensis",0.202105263157895
"Chaerephon_pumilus",0.201447368421053
"Kerivoula_phalaena",0.201447368421053
"Lasiurus_blossevillii",0.201447368421053
"Lasiurus_ega",0.201315789473684
"Neoromicia_helios",0.201315789473684
"Kerivoula_whiteheadi",0.200921052631579
"Myonycteris_relicta",0.200789473684211
"Phoniscus_atrox",0.200789473684211
"Rhogeessa_io",0.200789473684211
"Myotis_scotti",0.200657894736842
"Kerivoula_cuprosa",0.200526315789474
"Myotis_nigricans",0.200394736842105
"Myotis_punicus",0.200394736842105
"Kerivoula_lenis",0.200263157894737
"Nyctalus_aviator",0.200131578947368
"Eptesicus_hottentotus",0.2
"Eptesicus_brasiliensis",0.199868421052632
"Taphozous_melanopogon",0.199605263157895
"Hipposideros_pratti",0.199473684210526
"Eptesicus_furinalis",0.199342105263158
"Myotis_oxyotus",0.199342105263158
"Myotis_riparius",0.199078947368421
"Glauconycteris_beatrix",0.198552631578947
"Nyctalus_montanus",0.198421052631579
"Pteropus_hypomelanus",0.198421052631579
"Pteropus_intermedius",0.198289473684211
"Hipposideros_diadema",0.197894736842105
"Tadarida_teniotis",0.197631578947368
"Miniopterus_magnater",0.1975
"Rhinolophus_arcuatus",0.197236842105263
"Rousettus_madagascariensis",0.196973684210526
"Rhinolophus_robinsoni",0.196842105263158
"Murina_aenea",0.196578947368421
"Rhogeessa_minutilla",0.196578947368421
"Rousettus_bidens",0.195526315789474
"Asellia_tridens",0.195394736842105
"Eptesicus_andinus",0.195394736842105
"Ptenochirus_minor",0.195394736842105
"Lasiurus_egregius",0.195
"Myotis_macrodactylus",0.194868421052632
"Pipistrellus_deserti",0.194736842105263
"Harpyionycteris_whiteheadi",0.194473684210526
"Rhinolophus_subbadius",0.194473684210526
"Rhinolophus_celebensis",0.194078947368421
"Eptesicus_diminutus",0.193947368421053
"Rhinolophus_guineensis",0.193815789473684
"Megaderma_spasma",0.193421052631579
"Aethalops_aequalis",0.193289473684211
"Rhinolophus_deckenii",0.193289473684211
"Scotozous_dormeri",0.192894736842105
"Cynopterus_nusatenggara",0.192763157894737
"Myonycteris_brachycephala",0.191973684210526
"Rhinolophus_creaghi",0.191973684210526
"Pteropus_griseus",0.191842105263158
"Rhogeessa_tumida",0.191578947368421
"Myotis_pequinius",0.191447368421053
"Vespertilio_sinensis",0.191447368421053
"Myotis_schaubi",0.191315789473684
"Myotis_ater",0.191184210526316
"Myotis_levis",0.191052631578947
"Myotis_longipes",0.191052631578947
"Myotis_macrotarsus",0.191052631578947
"Glauconycteris_egeria",0.190921052631579
"Hipposideros_caffer",0.190921052631579
"Eptesicus_chiriquinus",0.190789473684211
"Eidolon_dupreanum",0.190657894736842
"Miniopterus_schreibersii",0.190657894736842
"Rhinolophus_rex",0.190657894736842
"Rousettus_obliviosus",0.190657894736842
"Myotis_sicarius",0.190263157894737
"Rhinolophus_bocharicus",0.190263157894737
"Myotis_moluccarum",0.190131578947368
"Pipistrellus_westralis",0.189736842105263
"Eptesicus_fuscus",0.189342105263158
"Glauconycteris_alboguttata",0.189342105263158
"Myotis_simus",0.189342105263158
"Falsistrellus_mordax",0.189210526315789
"Myotis_fortidens",0.189210526315789
"Pipistrellus_papuanus",0.189210526315789
"Acerodon_jubatus",0.189078947368421
"Hesperoptenus_tomesi",0.189078947368421
"Dobsonia_peronii",0.189078947368421
"Eptesicus_matroka",0.188815789473684
"Pteropus_scapulatus",0.188684210526316
"Myotis_elegans",0.188552631578947
"Lasiurus_intermedius",0.188421052631579
"Megaerops_kusnotoi",0.188421052631579
"Pteropus_keyensis",0.188421052631579
"Rousettus_celebensis",0.188421052631579
"Ptenochirus_jagori",0.188289473684211
"Rhinolophus_subrufus",0.187894736842105
"Rhinolophus_beddomei",0.187763157894737
"Acerodon_mackloti",0.187631578947368
"Hipposideros_galeritus",0.1875
"Eonycteris_robusta",0.187236842105263
"Lasiurus_cinereus",0.187105263157895
"Pteropus_lombocensis",0.186973684210526
"Pteropus_leucopterus",0.186842105263158
"Myotis_thysanodes",0.186710526315789
"Chaerephon_ansorgei",0.186578947368421
"Murina_rozendaali",0.186578947368421
"Chaerephon_plicatus",0.186447368421053
"Myotis_hajastanicus",0.186447368421053
"Rhinolophus_inops",0.186447368421053
"Cistugo_seabrae",0.186315789473684
"Histiotus_montanus",0.186315789473684
"Dobsonia_minor",0.186184210526316
"Rhinolophus_virgo",0.186052631578947
"Myotis_melanorhinus",0.185789473684211
"Eptesicus_floweri",0.185657894736842
"Pteropus_mahaganus",0.185657894736842
"Hypsugo_macrotis",0.185394736842105
"Styloctenium_wallacei",0.185394736842105
"Haplonycteris_fischeri",0.185
"Pteropus_ocularis",0.184473684210526
"Rhinolophus_silvestris",0.184078947368421
"Acerodon_celebensis",0.183947368421053
"Otopteropus_cartilagonodus",0.183947368421053
"Myotis_macropus",0.183815789473684
"Harpyionycteris_celebensis",0.183684210526316
"Myotis_bucharensis",0.183552631578947
"Dobsonia_anderseni",0.183421052631579
"Dobsonia_crenulata",0.183289473684211
"Myotis_ikonnikovi",0.183289473684211
"Myotis_davidii",0.183157894736842
"Pteropus_rennelli",0.182894736842105
"Pipistrellus_adamsi",0.182763157894737
"Pteropus_niger",0.182763157894737
"Antrozous_pallidus",0.182631578947368
"Myotis_goudoti",0.182631578947368
"Nyctimene_cephalotes",0.182631578947368
"Pteropus_speciosus",0.182631578947368
"Pteropus_tuberculatus",0.182631578947368
"Pipistrellus_subflavus",0.1825
"Myotis_yumanensis",0.1825
"Tadarida_aegyptiaca",0.1825
"Eptesicus_innoxius",0.182368421052632
"Pipistrellus_collinus",0.182368421052632
"Pteropus_conspicillatus",0.182368421052632
"Scotophilus_nucella",0.182368421052632
"Pteropus_woodfordi",0.182236842105263
"Bauerus_dubiaquercus",0.182105263157895
"Chaerephon_nigeriae",0.182105263157895
"Pteropus_dasymallus",0.182105263157895
"Falsistrellus_petersi",0.181710526315789
"Myotis_ruber",0.181710526315789
"Pteropus_neohibernicus",0.181710526315789
"Hipposideros_cyclops",0.181578947368421
"Histiotus_velatus",0.181578947368421
"Dobsonia_exoleta",0.181447368421053
"Mops_condylurus",0.181447368421053
"Myotis_bombinus",0.181315789473684
"Pteropus_mariannus",0.181315789473684
"Rhinolophus_megaphyllus",0.181315789473684
"Miniopterus_pusillus",0.181184210526316
"Pteropus_admiralitatum",0.181184210526316
"Myotis_nesopolus",0.181052631578947
"Thoopterus_nigrescens",0.181052631578947
"Pteropus_melanopogon",0.180921052631579
"Rhinopoma_hardwickii",0.180921052631579
"Kerivoula_flora",0.180789473684211
"Pteropus_chrysoproctus",0.180789473684211
"Pteropus_pohlei",0.180789473684211
"Murina_hilgendorfi",0.180657894736842
"Myotis_velifer",0.180657894736842
"Pteropus_samoensis",0.180657894736842
"Lasiurus_insularis",0.180526315789474
"Melonycteris_melanops",0.180394736842105
"Laephotis_angolensis",0.18
"Taphozous_longimanus",0.18
"Lasiurus_xanthinus",0.179868421052632
"Nycteris_thebaica",0.179868421052632
"Pteropus_melanotus",0.179868421052632
"Nyctimene_masalai",0.179736842105263
"Nyctimene_rabori",0.179736842105263
"Pteropus_seychellensis",0.179736842105263
"Rhinolophus_hillorum",0.179736842105263
"Nyctimene_minutus",0.179605263157895
"Pteropus_personatus",0.179605263157895
"Chaerephon_chapini",0.179473684210526
"Dobsonia_viridis",0.179473684210526
"Rhogeessa_parvula",0.179473684210526
"Pipistrellus_maderensis",0.179342105263158
"Pteropus_pumilus",0.179342105263158
"Acerodon_leucotis",0.179210526315789
"Pteropus_loochoensis",0.179210526315789
"Rhinolophus_ruwenzorii",0.179210526315789
"Murina_puta",0.179210526315789
"Myotis_auriculus",0.179078947368421
"Scotophilus_robustus",0.179078947368421
"Dobsonia_pannietensis",0.178947368421053
"Nyctophilus_geoffroyi",0.178815789473684
"Lasiurus_minor",0.178684210526316
"Pipistrellus_hesperus",0.178552631578947
"Myotis_hermani",0.178421052631579
"Vespadelus_caurinus",0.178421052631579
"Vespadelus_troughtoni",0.178421052631579
"Dobsonia_emersa",0.178289473684211
"Pteropus_rayneri",0.178289473684211
"Rhogeessa_aeneus",0.178157894736842
"Tadarida_ventralis",0.178157894736842
"Scotophilus_celebensis",0.178026315789474
"Pteropus_caniceps",0.177894736842105
"Scotoecus_pallidus",0.177894736842105
"Pteropus_capistratus",0.177763157894737
"Pteropus_pelewensis",0.177631578947368
"Pteropus_tonganus",0.177631578947368
"Syconycteris_hobbit",0.177631578947368
"Myotis_aelleni",0.1775
"Pteralopex_atrata",0.1775
"Chaerephon_aloysiisabaudiae",0.177236842105263
"Corynorhinus_mexicanus",0.177236842105263
"Dobsonia_inermis",0.177105263157895
"Histiotus_laephotis",0.177105263157895
"Myotis_stalkeri",0.176973684210526
"Myotis_volans",0.176973684210526
"Nyctimene_draconilla",0.176973684210526
"Latidens_salimalii",0.176710526315789
"Myotis_dominicensis",0.176710526315789
"Murina_florium",0.176578947368421
"Myotis_austroriparius",0.176578947368421
"Pipistrellus_wattsi",0.176578947368421
"Pteropus_gilliardorum",0.176447368421053
"Pteropus_macrotis",0.176447368421053
"Rhinolophus_capensis",0.176447368421053
"Chalinolobus_nigrogriseus",0.176184210526316
"Chalinolobus_picatus",0.176184210526316
"Hipposideros_ruber",0.176184210526316
"Rhogeessa_alleni",0.176184210526316
"Pteropus_vetulus",0.176052631578947
"Chaerephon_major",0.175921052631579
"Eptesicus_tatei",0.175789473684211
"Nyctimene_major",0.175789473684211
"Histiotus_macrotus",0.175657894736842
"Lasiurus_pfeifferi",0.175526315789474
"Pteropus_insularis",0.175526315789474
"Rhinopoma_microphyllum",0.175526315789474
"Myotis_ciliolabrum",0.175394736842105
"Kerivoula_muscina",0.175263157894737
"Pipistrellus_angulatus",0.175131578947368
"Hypsugo_joffrei",0.175
"Myotis_insularum",0.175
"Myotis_pruinosus",0.175
"Scotorepens_sanborni",0.175
"Lasiurus_castaneus",0.174868421052632
"Myotis_oreias",0.174868421052632
"Myotis_grisescens",0.174736842105263
"Paranyctimene_raptor",0.174736842105263
"Syconycteris_australis",0.174736842105263
"Myotis_evotis",0.174605263157895
"Myotis_martiniquensis",0.174605263157895
"Neopteryx_frosti",0.174605263157895
"Otomops_martiensseni",0.174605263157895
"Pteralopex_pulchra",0.174605263157895
"Rhinolophus_rufus",0.174605263157895
"Euderma_maculatum",0.174473684210526
"Myotis_keenii",0.174473684210526
"Pteropus_ornatus",0.174473684210526
"Triaenops_persicus",0.174473684210526
"Eudiscopus_denticulus",0.174342105263158
"Myotis_occultus",0.174342105263158
"Rhinolophus_euryotis",0.174342105263158
"Scotorepens_orion",0.174342105263158
"Myotis_californicus",0.174210526315789
"Pteropus_temminckii",0.174210526315789
"Nyctimene_albiventer",0.174078947368421
"Rhogeessa_gracilis",0.174078947368421
"Scoteanax_rueppellii",0.174078947368421
"Hypsugo_vordermanni",0.173815789473684
"Nyctophilus_timoriensis",0.173815789473684
"Chalinolobus_gouldii",0.173552631578947
"Eptesicus_japonensis",0.173552631578947
"Hypsugo_kitcheneri",0.173552631578947
"Myotis_australis",0.173552631578947
"Rhinolophus_formosae",0.173552631578947
"Syconycteris_carolinae",0.173552631578947
"Corynorhinus_townsendii",0.173421052631579
"Hipposideros_grandis",0.173421052631579
"Pteropus_cognatus",0.173421052631579
"Plecotus_taivanus",0.173289473684211
"Nyctimene_certans",0.173157894736842
"Pipistrellus_endoi",0.173157894736842
"Pteropus_anetianus",0.173157894736842
"Rhinolophus_maclaudi",0.173157894736842
"Saccolaimus_saccolaimus",0.173157894736842
"Arielulus_societatis",0.173026315789474
"Dobsonia_beauforti",0.173026315789474
"Myotis_vivesi",0.173026315789474
"Nyctimene_malaitensis",0.173026315789474
"Pteropus_alecto",0.173026315789474
"Nyctophilus_microtis",0.172894736842105
"Pteropus_aruensis",0.172894736842105
"Idionycteris_phyllotis",0.172763157894737
"Nyctimene_vizcaccia",0.172763157894737
"Arielulus_cuprosus",0.172631578947368
"Melonycteris_woodfordi",0.172631578947368
"Alionycteris_paucidentata",0.1725
"Nyctophilus_bifax",0.172368421052632
"Rhogeessa_mira",0.172368421052632
"Hipposideros_bicolor",0.172236842105263
"Myotis_planiceps",0.172105263157895
"Pteropus_poliocephalus",0.172105263157895
"Rhinolophus_canuti",0.172105263157895
"Rhinolophus_keyensis",0.172105263157895
"Eptesicus_bobrinskoi",0.171973684210526
"Myotis_chiloensis",0.171973684210526
"Notopteris_macdonaldi",0.171973684210526
"Taphozous_theobaldi",0.171973684210526
"Vespadelus_finlaysoni",0.171842105263158
"Dobsonia_praedatrix",0.171578947368421
"Neoromicia_flavescens",0.171578947368421
"Nycteris_macrotis",0.171447368421053
"Mops_demonstrator",0.171447368421053
"Myotis_septentrionalis",0.171447368421053
"Myotis_sodalis",0.171447368421053
"Scotorepens_greyii",0.171447368421053
"Lasiurus_salinae",0.171315789473684
"Myotis_lucifugus",0.171315789473684
"Nyctophilus_arnhemensis",0.171315789473684
"Dobsonia_moluccensis",0.171184210526316
"Vespadelus_baverstocki",0.171052631578947
"Miniopterus_natalensis",0.170921052631579
"Murina_ussuriensis",0.170789473684211
"Histiotus_alienus",0.170657894736842
"Laephotis_namibensis",0.170657894736842
"Nyctophilus_gouldi",0.170394736842105
"Pteralopex_anceps",0.170263157894737
"Hipposideros_megalotis",0.170131578947368
"Hipposideros_vittatus",0.170131578947368
"Nycteris_hispida",0.170131578947368
"Nycticeius_cubanus",0.17
"Tadarida_insignis",0.17
"Eptesicus_guadeloupensis",0.169868421052632
"Rhinolophus_cognatus",0.169868421052632
"Taphozous_mauritianus",0.169868421052632
"Kerivoula_agnella",0.169736842105263
"Mops_trevori",0.169605263157895
"Notopteris_neocaledonica",0.169605263157895
"Rhinolophus_nereis",0.169605263157895
"Histiotus_magellanicus",0.169473684210526
"Plecotus_teneriffae",0.169473684210526
"Hipposideros_cervinus",0.169342105263158
"Hipposideros_lekaguli",0.169210526315789
"Nyctimene_aello",0.169210526315789
"Nyctimene_robinsoni",0.169078947368421
"Chalinolobus_tuberculatus",0.168947368421053
"Eptesicus_dimissus",0.168947368421053
"Kerivoula_myrella",0.168947368421053
"Murina_tenebrosa",0.168947368421053
"Pharotis_imogene",0.168947368421053
"Vespadelus_pumilus",0.168947368421053
"Falsistrellus_mackenziei",0.168815789473684
"Hipposideros_fulvus",0.168815789473684
"Falsistrellus_tasmaniensis",0.168684210526316
"Pteropus_rufus",0.168684210526316
"Nycticeius_humeralis",0.168552631578947
"Hipposideros_doriae",0.168421052631579
"Mops_nanulus",0.168289473684211
"Myotis_findleyi",0.168157894736842
"Chaerephon_bivittatus",0.167894736842105
"Chalinolobus_morio",0.167894736842105
"Chalinolobus_neocaledonicus",0.167894736842105
"Hipposideros_gigas",0.167894736842105
"Nyctophilus_walkeri",0.167894736842105
"Cistugo_lesueuri",0.167631578947368
"Hipposideros_beatus",0.167631578947368
"Taphozous_perforatus",0.1675
"Vespadelus_vulturnus",0.1675
"Rhogeessa_genowaysi",0.167105263157895
"Lasionycteris_noctivagans",0.167105263157895
"Nyctimene_cyclotis",0.167105263157895
"Rhinolophus_madurensis",0.166973684210526
"Myotis_atacamensis",0.166710526315789
"Myotis_leibii",0.166710526315789
"Lavia_frons",0.166447368421053
"Scotophilus_borbonicus",0.166315789473684
"Chalinolobus_dwyeri",0.166184210526316
"Glauconycteris_machadoi",0.165921052631579
"Mops_brachypterus",0.165789473684211
"Nyctalus_furvus",0.165789473684211
"Myotis_peninsularis",0.165657894736842
"Phoniscus_papuensis",0.165657894736842
"Nyctophilus_microdon",0.165526315789474
"Chaerephon_bemmeleni",0.165131578947368
"Cheiromeles_torquatus",0.165131578947368
"Lasiurus_degelidus",0.165
"Vespadelus_darlingtoni",0.165
"Hesperoptenus_doriae",0.164736842105263
"Corynorhinus_rafinesquii",0.164605263157895
"Hipposideros_dyacorum",0.164473684210526
"Mops_thersites",0.164342105263158
"Nyctophilus_heran",0.164210526315789
"Vespadelus_regulus",0.164210526315789
"Lasiurus_borealis",0.163157894736842
"Nycteris_grandis",0.162763157894737
"Scotorepens_balstoni",0.1625
"Mops_mops",0.162368421052632
"Mops_midas",0.162236842105263
"Tadarida_latouchei",0.162236842105263
"Hipposideros_abae",0.161973684210526
"Vespadelus_douglasorum",0.161973684210526
"Lasiurus_varius",0.161447368421053
"Hipposideros_ridleyi",0.161052631578947
"Coleura_afra",0.160526315789474
"Myopterus_daubentonii",0.160263157894737
"Taphozous_nudiventris",0.159868421052632
"Hipposideros_jonesi",0.159210526315789
"Lasiurus_seminolus",0.159078947368421
"Mops_spurrelli",0.158947368421053
"Mops_niveiventer",0.157631578947368
"Nycteris_tragata",0.157631578947368
"Hipposideros_turpis",0.1575
"Miniopterus_fraterculus",0.156447368421053
"Miniopterus_medius",0.156447368421053
"Miniopterus_inflatus",0.156315789473684
"Sauromys_petrophilus",0.156184210526316
"Vampyressa_thyone",0.156052631578947
"Platyrrhinus_brachycephalus",0.155657894736842
"Nycteris_nana",0.155263157894737
"Nycteris_arge",0.155131578947368
"Choeroniscus_minor",0.155
"Artibeus_cinereus",0.154605263157895
"Vampyrodes_caraccioli",0.154473684210526
"Artibeus_glaucus",0.154210526315789
"Ametrida_centurio",0.153815789473684
"Cloeotis_percivali",0.153289473684211
"Artibeus_jamaicensis",0.153026315789474
"Miniopterus_australis",0.152368421052632
"Myopterus_whitleyi",0.152236842105263
"Emballonura_monticola",0.152105263157895
"Micronycteris_schmidtorum",0.151710526315789
"Hipposideros_speoris",0.151447368421053
"Anoura_cultrata",0.151315789473684
"Artibeus_concolor",0.151184210526316
"Chiroderma_salvini",0.150921052631579
"Hipposideros_fuliginosus",0.150921052631579
"Lophostoma_silvicolum",0.150789473684211
"Rhinophylla_fischerae",0.150657894736842
"Molossops_mattogrossensis",0.150657894736842
"Chiroderma_villosum",0.150263157894737
"Emballonura_alecto",0.150263157894737
"Lonchophylla_thomasi",0.150263157894737
"Vampyressa_bidens",0.150263157894737
"Tadarida_fulminans",0.149736842105263
"Mormoops_megalophylla",0.149605263157895
"Rhinophylla_pumilio",0.149473684210526
"Micronycteris_hirsuta",0.149342105263158
"Micronycteris_megalotis",0.149078947368421
"Micronycteris_microtis",0.149078947368421
"Artibeus_amplus",0.148947368421053
"Cardioderma_cor",0.148947368421053
"Molossus_coibensis",0.148947368421053
"Mops_congicus",0.148947368421053
"Cynomops_greenhalli",0.148684210526316
"Hipposideros_lankadiva",0.148684210526316
"Nycteris_aurita",0.148684210526316
"Pteronotus_gymnonotus",0.148421052631579
"Glyphonycteris_daviesi",0.148289473684211
"Platyrrhinus_helleri",0.148289473684211
"Vampyrum_spectrum",0.148289473684211
"Molossus_pretiosus",0.148157894736842
"Centurio_senex",0.148026315789474
"Sturnira_lilium",0.148026315789474
"Trinycteris_nicefori",0.147894736842105
"Enchisthenes_hartii",0.147763157894737
"Mesophylla_macconnelli",0.147631578947368
"Mimon_bennettii",0.147631578947368
"Eumops_perotis",0.1475
"Glyphonycteris_sylvestris",0.1475
"Lophostoma_carrikeri",0.147368421052632
"Lophostoma_brasiliense",0.147236842105263
"Anoura_caudifer",0.146973684210526
"Tadarida_lobata",0.146973684210526
"Anoura_latidens",0.146578947368421
"Sphaeronycteris_toxophyllum",0.146578947368421
"Chaerephon_johorensis",0.146447368421053
"Saccolaimus_peli",0.146447368421053
"Asellia_patrizii",0.146315789473684
"Diphylla_ecaudata",0.146184210526316
"Nycteris_intermedia",0.145921052631579
"Platyrrhinus_vittatus",0.145921052631579
"Furipterus_horrens",0.145394736842105
"Tonatia_saurophila",0.145394736842105
"Sturnira_luisi",0.145263157894737
"Platyrrhinus_aurarius",0.144868421052632
"Platymops_setiger",0.144736842105263
"Pteronotus_personatus",0.144736842105263
"Nyctinomops_macrotis",0.144605263157895
"Carollia_castanea",0.144473684210526
"Chaerephon_russatus",0.144473684210526
"Chiroderma_trinitatum",0.144473684210526
"Nyctinomops_aurispinosus",0.144473684210526
"Artibeus_anderseni",0.144210526315789
"Chiroderma_doriae",0.144210526315789
"Lampronycteris_brachyotis",0.144078947368421
"Glossophaga_commissarisi",0.144078947368421
"Lonchorhina_aurita",0.144078947368421
"Lophostoma_schulzi",0.144078947368421
"Carollia_brevicauda",0.143684210526316
"Eumops_trumbulli",0.143421052631579
"Lionycteris_spurrelli",0.143421052631579
"Mimon_crenulatum",0.143421052631579
"Choeroniscus_godmani",0.143157894736842
"Mimon_cozumelae",0.143157894736842
"Phyllostomus_latifolius",0.143157894736842
"Platyrrhinus_lineatus",0.143026315789474
"Nycteris_major",0.142894736842105
"Sturnira_erythromos",0.142631578947368
"Leptonycteris_curasoae",0.1425
"Uroderma_magnirostrum",0.1425
"Cynomops_paranus",0.142368421052632
"Sturnira_tildae",0.142105263157895
"Pygoderma_bilabiatum",0.141973684210526
"Sturnira_bogotensis",0.141973684210526
"Promops_nasutus",0.141973684210526
"Eumops_hansae",0.141842105263158
"Molossus_molossus",0.141842105263158
"Tadarida_brasiliensis",0.141842105263158
"Lonchorhina_orinocensis",0.141710526315789
"Promops_centralis",0.141578947368421
"Artibeus_gnomus",0.141447368421053
"Eumops_dabbenei",0.141447368421053
"Molossops_neglectus",0.141447368421053
"Anoura_geoffroyi",0.141315789473684
"Thyroptera_discifera",0.141315789473684
"Lonchophylla_robusta",0.141184210526316
"Hipposideros_curtus",0.141052631578947
"Glossophaga_longirostris",0.140921052631579
"Artibeus_toltecus",0.140789473684211
"Eumops_auripendulus",0.140657894736842
"Nycteris_woodi",0.140657894736842
"Phyllostomus_elongatus",0.140526315789474
"Artibeus_watsoni",0.140131578947368
"Nycteris_gambiensis",0.140131578947368
"Coelops_robinsoni",0.14
"Molossus_sinaloae",0.14
"Vampyressa_brocki",0.14
"Uroderma_bilobatum",0.139473684210526
"Glossophaga_soricina",0.139210526315789
"Vampyressa_melissa",0.139210526315789
"Rhinopoma_muscatellum",0.138947368421053
"Phylloderma_stenops",0.138815789473684
"Pteronotus_davyi",0.138684210526316
"Platyrrhinus_dorsalis",0.138552631578947
"Vampyressa_nymphaea",0.138552631578947
"Cynomops_abrasus",0.138421052631579
"Leptonycteris_yerbabuenae",0.138421052631579
"Noctilio_leporinus",0.138289473684211
"Artibeus_fimbriatus",0.138026315789474
"Phyllostomus_discolor",0.138026315789474
"Sturnira_bidens",0.137894736842105
"Thyroptera_tricolor",0.137894736842105
"Sturnira_magna",0.137631578947368
"Eumops_maurus",0.1375
"Mops_sarasinorum",0.1375
"Molossops_temminckii",0.137105263157895
"Phyllostomus_hastatus",0.136973684210526
"Macrotus_waterhousii",0.136710526315789
"Micronycteris_minuta",0.136447368421053
"Glossophaga_morenoi",0.136184210526316
"Nycteris_javanica",0.136184210526316
"Artibeus_inopinatus",0.136052631578947
"Cheiromeles_parvidens",0.136052631578947
"Platyrrhinus_infuscus",0.136052631578947
"Hipposideros_obscurus",0.135921052631579
"Mops_leucostigma",0.135921052631579
"Platyrrhinus_recifinus",0.135789473684211
"Molossus_currentium",0.135657894736842
"Diaemus_youngi",0.135526315789474
"Eumops_patagonicus",0.135526315789474
"Eumops_underwoodi",0.135526315789474
"Artibeus_aztecus",0.135394736842105
"Artibeus_lituratus",0.135263157894737
"Trachops_cirrhosus",0.135263157894737
"Desmodus_rotundus",0.135131578947368
"Sturnira_ludovici",0.135131578947368
"Artibeus_phaeotis",0.135
"Noctilio_albiventris",0.135
"Tonatia_bidens",0.134736842105263
"Artibeus_obscurus",0.134605263157895
"Choeronycteris_mexicana",0.134210526315789
"Hipposideros_halophyllus",0.134078947368421
"Lophostoma_evotis",0.133947368421053
"Miniopterus_shortridgei",0.133947368421053
"Macrophyllum_macrophyllum",0.133552631578947
"Cynomops_planirostris",0.133289473684211
"Carollia_subrufa",0.133157894736842
"Vampyressa_pusilla",0.133157894736842
"Triaenops_rufus",0.132894736842105
"Miniopterus_tristis",0.132763157894737
"Scleronycteris_ega",0.132763157894737
"Ectophylla_alba",0.132368421052632
"Chrotopterus_auritus",0.132105263157895
"Stenoderma_rufum",0.132105263157895
"Molossus_rufus",0.131842105263158
"Otomops_wroughtoni",0.131578947368421
"Brachyphylla_cavernarum",0.131447368421053
"Lichonycteris_obscura",0.131315789473684
"Sturnira_oporaphilum",0.131184210526316
"Chaerephon_jobensis",0.130921052631579
"Eumops_glaucinus",0.130921052631579
"Mops_petersoni",0.130921052631579
"Leptonycteris_nivalis",0.130789473684211
"Carollia_perspicillata",0.130526315789474
"Hipposideros_papua",0.130526315789474
"Artibeus_hirsutus",0.130263157894737
"Platyrrhinus_umbratus",0.130131578947368
"Glossophaga_leachii",0.129736842105263
"Hipposideros_sumbae",0.129473684210526
"Nyctinomops_femorosaccus",0.129473684210526
"Ariteus_flavescens",0.129342105263158
"Phyllonycteris_poeyi",0.129210526315789
"Artibeus_fraterculus",0.128947368421053
"Glyphonycteris_behnii",0.128947368421053
"Mormopterus_beccarii",0.128947368421053
"Saccopteryx_canescens",0.128947368421053
"Hipposideros_muscinus",0.128815789473684
"Nyctinomops_laticaudatus",0.128815789473684
"Rhynchonycteris_naso",0.128684210526316
"Ardops_nichollsi",0.128552631578947
"Miniopterus_minor",0.128289473684211
"Lonchophylla_hesperia",0.128157894736842
"Platyrrhinus_chocoensis",0.128157894736842
"Mops_niangarae",0.127894736842105
"Cyttarops_alecto",0.127763157894737
"Rhinophylla_alethina",0.1275
"Hipposideros_stenotis",0.127236842105263
"Macroderma_gigas",0.127236842105263
"Neonycteris_pusilla",0.127105263157895
"Hipposideros_maggietaylorae",0.126973684210526
"Sturnira_aratathomasi",0.126973684210526
"Hipposideros_pygmaeus",0.126842105263158
"Lonchorhina_marinkellei",0.126710526315789
"Saccopteryx_leptura",0.126710526315789
"Peropteryx_kappleri",0.126578947368421
"Erophylla_bombifrons",0.126447368421053
"Hipposideros_calcaratus",0.126315789473684
"Hipposideros_camerunensis",0.126184210526316
"Choeroniscus_periosus",0.126052631578947
"Cynomops_mexicanus",0.126052631578947
"Lonchorhina_fernandezi",0.126052631578947
"Brachyphylla_nana",0.125657894736842
"Sturnira_thomasi",0.125526315789474
"Monophyllus_redmani",0.125263157894737
"Otomops_formosus",0.125263157894737
"Hipposideros_crumeniferus",0.125131578947368
"Musonycteris_harrisoni",0.125
"Sturnira_mordax",0.125
"Natalus_tumidirostris",0.124868421052632
"Diclidurus_scutatus",0.124736842105263
"Hipposideros_pelingensis",0.124736842105263
"Hipposideros_coxi",0.124342105263158
"Chaerephon_solomonis",0.124342105263158
"Hipposideros_thomensis",0.124342105263158
"Macrotus_californicus",0.124210526315789
"Peropteryx_leucoptera",0.123947368421053
"Hipposideros_durgadasi",0.123684210526316
"Platalina_genovensium",0.123684210526316
"Hipposideros_marisae",0.123421052631579
"Hipposideros_semoni",0.123289473684211
"Hipposideros_inornatus",0.123157894736842
"Lonchophylla_mordax",0.122763157894737
"Erophylla_sezekorni",0.122631578947368
"Pteronotus_macleayii",0.1225
"Diclidurus_albus",0.122368421052632
"Hylonycteris_underwoodi",0.122368421052632
"Phyllops_falcatus",0.122368421052632
"Peropteryx_macrotis",0.122236842105263
"Cormura_brevirostris",0.122236842105263
"Saccopteryx_bilineata",0.122105263157895
"Taphozous_hildegardeae",0.121973684210526
"Miniopterus_majori",0.121842105263158
"Hipposideros_lamottei",0.121578947368421
"Lonchophylla_bokermanni",0.121578947368421
"Molossus_barnesi",0.121578947368421
"Hipposideros_macrobullatus",0.121447368421053
"Lonchophylla_handleyi",0.121447368421053
"Hipposideros_coronatus",0.121315789473684
"Saccopteryx_gymnura",0.121315789473684
"Taphozous_hamiltoni",0.120921052631579
"Mormopterus_doriae",0.120526315789474
"Centronycteris_maximiliani",0.120394736842105
"Sturnira_nana",0.120131578947368
"Triaenops_furculus",0.120131578947368
"Diclidurus_isabellus",0.119736842105263
"Centronycteris_centralis",0.119605263157895
"Nyctiellus_lepidus",0.119605263157895
"Otomops_madagascariensis",0.119605263157895
"Hipposideros_corynophyllus",0.119342105263158
"Hipposideros_demissus",0.119342105263158
"Monophyllus_plethodon",0.119210526315789
"Tadarida_australis",0.119210526315789
"Chiroderma_improvisum",0.118815789473684
"Mormopterus_kalinowskii",0.118815789473684
"Lonchophylla_dekeyseri",0.118684210526316
"Mormopterus_loriae",0.118421052631579
"Mormopterus_norfolkensis",0.118157894736842
"Molossops_aequatorianus",0.118026315789474
"Chaerephon_gallagheri",0.117763157894737
"Eumops_bonariensis",0.117763157894737
"Amorphochilus_schnablii",0.117631578947368
"Hipposideros_commersoni",0.116973684210526
"Mormopterus_jugularis",0.116973684210526
"Triaenops_auritus",0.116710526315789
"Miniopterus_manavi",0.116578947368421
"Mormopterus_acetabulosus",0.116315789473684
"Mormopterus_minutus",0.116315789473684
"Anthops_ornatus",0.115921052631579
"Craseonycteris_thonglongyai",0.115921052631579
"Mimon_koepckeae",0.115921052631579
"Miniopterus_paululus",0.115921052631579
"Mosia_nigrescens",0.115921052631579
"Rhinonicteris_aurantia",0.115789473684211
"Diclidurus_ingens",0.115131578947368
"Taphozous_georgianus",0.115131578947368
"Hipposideros_dinops",0.114868421052632
"Tadarida_kuboriensis",0.114736842105263
"Molossus_aztecus",0.114605263157895
"Mormopterus_planiceps",0.114605263157895
"Balantiopteryx_plicata",0.113552631578947
"Hipposideros_wollastoni",0.112105263157895
"Balantiopteryx_io",0.111973684210526
"Aselliscus_tricuspidatus",0.111710526315789
"Mormopterus_phrudus",0.111447368421053
"Emballonura_atrata",0.110921052631579
"Otomops_papuensis",0.110921052631579
"Taphozous_achates",0.110789473684211
"Chaerephon_bregullae",0.110394736842105
"Mystacina_tuberculata",0.109736842105263
"Taphozous_kapalgensis",0.109605263157895
"Tomopeas_ravus",0.108947368421053
"Natalus_primus",0.108815789473684
"Saccolaimus_mixtus",0.108815789473684
"Nycteris_madagascariensis",0.108552631578947
"Nycteris_vinsoni",0.107763157894737
"Taphozous_australis",0.107763157894737
"Chilonatalus_tumidifrons",0.107631578947368
"Miniopterus_macrocneme",0.107368421052632
"Mormoops_blainvillei",0.107368421052632
"Saccolaimus_flaviventris",0.107236842105263
"Pteronotus_parnellii",0.106710526315789
"Balantiopteryx_infusca",0.106447368421053
"Natalus_major",0.106184210526316
"Pteronotus_quadridens",0.105921052631579
"Emballonura_beccarii",0.105789473684211
"Natalus_jamaicensis",0.105131578947368
"Emballonura_furax",0.104868421052632
"Taphozous_hilli",0.104736842105263
"Natalus_stramineus",0.104605263157895
"Emballonura_raffrayana",0.104342105263158
"Peropteryx_trinitatis",0.104342105263158
"Myzopoda_aurita",0.104210526315789
"Nycteris_parisii",0.103947368421053
"Chilonatalus_micropus",0.103421052631579
"Taphozous_troughtoni",0.103421052631579
"Miniopterus_fuscus",0.100789473684211
"Miniopterus_robustior",0.100263157894737
"Emballonura_dianae",0.0998684210526316
"Emballonura_semicaudata",0.0986842105263158
