"","host","suitability"
"2668","Desmodus rotundus",2.18179676695132e+307
"2851","Hypsignathus monstrosus",4.77646213872715e+295
"146","Megaloglossus woermanni",2.16814830789456e+279
"3363","Pteropus poliocephalus",2.30569718584093e+234
"131","Eidolon dupreanum",2.70542838641494e+232
"172","Rhinonicteris aurantia",4.43419218058619e+231
"2951","Mesophylla macconnelli",3.68416188070389e+231
"2917","Lichonycteris obscura",3.68068160917195e+231
"3462","Rhynchonycteris naso",2.07885658261667e+231
"2733","Euderma maculatum",1.89843587967949e+231
"3570","Vampyrodes caraccioli",1.72974142735474e+231
"2894","Lasionycteris noctivagans",1.61562240595588e+231
"2645","Chrotopterus auritus",5.45561298539488e+230
"144","Ia io",3.94963077415827e+230
"3249","Philetor brachypterus",1.65866085878734e+230
"2598","Cardioderma cor",7.63342290994015e+229
"2674","Diphylla ecaudata",4.16781226552975e+229
"2562","Antrozous pallidus",3.53931909314038e+229
"2669","Diaemus youngi",3.65200100528883e+227
"147","Micropteropus pusillus",1.35895513277282e+192
"3562","Uroderma bilobatum",1.02787363652115e+185
"3563","Uroderma magnirostrum",3.85206970627088e+183
"2961","Micropteropus intermedius",1.0963120458077e+179
"2593","Barbastella barbastellus",1.36178720745332e+178
"3581","Vespertilio murinus",3.09988220592822e+165
"3143","Myotis vivesi",7.82362152906876e+159
"3051","Myotis adversus",3.05733545591156e+158
"3379","Pteropus vampyrus",4.4731548275192e+157
"134","Epomops franqueti",8.67629438026757e+155
"2709","Epomops dobsonii",2.53363746928027e+151
"148","Miniopterus schreibersii",8.1288817373193e+149
"2708","Epomops buettikoferi",5.2586948004374e+148
"3088","Myotis grisescens",1.07784898216982e+148
"2700","Eonycteris major",1.00165807583579e+146
"2701","Eonycteris robusta",6.00502880215387e+137
"3261","Phyllostomus hastatus",9.42492428846362e+136
"3259","Phyllostomus discolor",3.37964050192128e+133
"124","Carollia perspicillata",2.14399248033441e+133
"3260","Phyllostomus elongatus",1.39956193225932e+133
"2548","Acerodon jubatus",1.24362671643826e+131
"2768","Glossophaga soricina",9.86872962922411e+127
"2599","Carollia brevicauda",1.96158699844863e+127
"2600","Carollia castanea",3.84691610232804e+126
"2602","Carollia subrufa",2.07003913631144e+126
"3262","Phyllostomus latifolius",1.08261606606726e+125
"2973","Miniopterus macrocneme",8.71433609804754e+124
"2764","Glossophaga commissarisi",1.37352053610192e+123
"2767","Glossophaga morenoi",1.33716869387058e+123
"2765","Glossophaga leachii",9.9590821473317e+122
"2766","Glossophaga longirostris",7.98593451623458e+122
"3015","Mormoops megalophylla",2.77325748034879e+122
"2914","Leptonycteris curasoae",7.41612519125381e+119
"2594","Barbastella leucomelas",7.04626974420556e+119
"2915","Leptonycteris nivalis",6.08156410171855e+119
"155","Nyctinomops laticaudatus",2.67875404387633e+118
"126","Cynopterus brachyotis",2.35033705944029e+117
"128","Cynopterus sphinx",2.27215913277557e+117
"2601","Carollia colombiana",5.53107738736185e+115
"3561","Tylonycteris robustula",3.39336158602655e+115
"2941","Macrotus californicus",5.16939240847391e+114
"123","Aselliscus stoliczkanus",4.29589409321152e+113
"3218","Nyctinomops femorosaccus",3.40909008185748e+113
"159","Ptenochirus jagori",1.93175414644568e+113
"2658","Cynomops abrasus",8.24545544326947e+112
"2662","Cynomops planirostris",7.92566345289236e+112
"130","Dyacopterus spadiceus",6.74719055918477e+112
"3013","Mormoops blainvillei",5.66654840551247e+112
"3217","Nyctinomops aurispinosus",3.62143033435179e+112
"2659","Cynomops greenhalli",3.52686185090747e+112
"3219","Nyctinomops macrotis",2.37919898092175e+112
"2995","Molossus rufus",1.1530635184587e+112
"161","Pteronotus parnellii",4.0069025661328e+111
"3150","Mystacina tuberculata",3.56614952746512e+111
"2938","Macroglossus minimus",6.30591013951606e+110
"2939","Macroglossus sobrinus",4.48955273427184e+110
"162","Pteropus giganteus",2.25430183320359e+110
"160","Pteronotus davyi",6.4025052984967e+109
"3014","Mormoops magna",3.57991635232998e+109
"174","Rousettus amplexicaudatus",5.61186959986641e+108
"2707","Epomophorus wahlbergi",2.85084020407306e+108
"2666","Cynopterus titthaecheilus",2.23792858233549e+108
"3321","Pteronotus quadridens",1.58568415141943e+108
"120","Artibeus lituratus",1.47111571680339e+108
"3317","Pteronotus gymnonotus",1.13772516262598e+108
"132","Epomophorus gambianus",1.06493474547221e+108
"3319","Pteronotus personatus",9.90418431430691e+107
"3114","Myotis nattereri",7.92079596182039e+107
"127","Cynopterus horsfieldii",6.40843185212083e+107
"3112","Myotis myotis",5.80095767049594e+107
"3061","Myotis auriculus",2.72655056370652e+107
"2558","Anoura geoffroyi",2.13686223181054e+107
"3080","Myotis evotis",1.83394306499975e+107
"3332","Pteropus conspicillatus",1.16175320271363e+107
"152","Myotis emarginatus",3.28804231826304e+106
"3064","Myotis bechsteinii",3.07492776621954e+106
"133","Epomophorus labiatus",7.87139814034745e+105
"2588","Aselliscus tricuspidatus",3.74009713246773e+105
"3467","Rousettus madagascariensis",2.37814535096984e+105
"2663","Cynopterus luzoniensis",1.94279401147205e+105
"3311","Ptenochirus minor",1.02163953006598e+105
"2994","Molossus pretiosus",7.82067664433015e+104
"2993","Molossus molossus",5.29014139292011e+104
"2703","Epomophorus crypturus",3.78005162773641e+104
"2664","Cynopterus minutus",3.72045954654184e+104
"3494","Scotophilus kuhlii",1.59213346328905e+104
"2660","Cynomops mexicanus",1.29596604581119e+104
"2556","Anoura caudifer",9.5569680109381e+103
"2557","Anoura cultrata",6.53641974331719e+103
"2583","Artibeus jamaicensis",4.31508163459554e+103
"2996","Molossus sinaloae",2.43074717352531e+103
"3149","Mystacina robusta",2.06514380542579e+103
"122","Artibeus phaeotis",1.44423008856049e+103
"2688","Dyacopterus brooksi",3.65145286658445e+102
"3157","Natalus tumidirostris",1.27574432946525e+102
"173","Rhinopoma hardwickii",9.95092396986463e+101
"3450","Rhinopoma microphyllum",2.35403863171664e+101
"2942","Macrotus waterhousii",6.70983459782472e+100
"2665","Cynopterus nusatenggara",3.15147192983923e+100
"3156","Natalus stramineus",1.9598450234876e+100
"2661","Cynomops paranus",9.44128704646678e+99
"3473","Saccolaimus saccolaimus",5.00959173017906e+99
"3466","Rousettus linduensis",4.62499699776776e+99
"3512","Sturnira lilium",1.91833971413552e+99
"3469","Rousettus spinalatus",4.22333184138315e+98
"176","Scotophilus leucogaster",3.92587556139054e+98
"2705","Epomophorus minimus",3.61957723491715e+98
"3376","Pteropus tonganus",2.95115371454752e+98
"3528","Tadarida brasiliensis",2.54102150082374e+98
"3495","Scotophilus nigrita",2.01866496659494e+98
"3493","Scotophilus heathii",1.94458804720746e+98
"3339","Pteropus hypomelanus",1.85763880150653e+98
"2547","Acerodon humilis",9.39843125979379e+97
"154","Nyctalus noctula",9.13548874765124e+97
"2580","Artibeus hirsutus",5.22655230709862e+97
"2574","Artibeus cinereus",4.74794185152235e+97
"3464","Rousettus celebensis",4.34978716480183e+97
"3468","Rousettus obliviosus",3.97147500978966e+97
"3470","Saccolaimus flaviventris",3.20208614041686e+97
"2989","Molossus aztecus",1.91718251413074e+97
"3370","Pteropus scapulatus",1.23296806679447e+97
"2546","Acerodon celebensis",1.20296999439573e+97
"2573","Artibeus aztecus",1.01541112855678e+97
"2584","Artibeus toltecus",8.10722622284837e+96
"175","Scotophilus dinganii",7.36911394029121e+96
"2899","Lasiurus cinereus",5.49757858599427e+96
"3492","Scotophilus collinus",4.7063233025413e+96
"3177","Nyctalus lasiopterus",2.62967177517128e+96
"2991","Molossus coibensis",2.03376019513389e+96
"2706","Epomophorus minor",1.8989850770392e+96
"3463","Rousettus bidens",7.00206469132257e+95
"2550","Acerodon mackloti",2.7863681094198e+95
"2719","Eptesicus fuscus",1.84520834473108e+95
"2549","Acerodon leucotis",1.25037564254873e+95
"3496","Scotophilus nucella",7.44812086437304e+94
"151","Myotis daubentonii",7.06836994249783e+94
"3428","Rhinolophus rouxii",5.1856519514451e+94
"3070","Myotis californicus",4.96559024919092e+94
"136","Eptesicus serotinus",3.51150917369743e+94
"2990","Molossus barnesi",3.0019614487797e+94
"3499","Scotophilus viridis",2.82401215428046e+94
"3465","Rousettus lanosus",1.0027794906537e+94
"167","Rhinolophus hipposideros",5.7580584796893e+93
"3517","Sturnira mordax",5.067332789059e+93
"2992","Molossus currentium",3.66573766544878e+93
"137","Eumops glaucinus",2.44455192715344e+93
"2743","Eumops underwoodi",2.33604288557265e+93
"3526","Tadarida aegyptiaca",2.2362007190806e+93
"3534","Tadarida teniotis",2.06822071160742e+93
"3508","Sturnira aratathomasi",1.97610013330232e+93
"3497","Scotophilus nux",1.78149090540227e+93
"3513","Sturnira ludovici",1.47037929008725e+93
"3180","Nyctalus plancyi",1.23671525684465e+93
"3511","Sturnira erythromos",1.09064436055309e+93
"3142","Myotis velifer",1.04362415807537e+93
"135","Eptesicus nilssonii",9.66092550870308e+92
"3521","Sturnira tildae",8.14508197667927e+92
"3509","Sturnira bidens",8.14074455209303e+92
"2736","Eumops bonariensis",7.34637962925361e+92
"2741","Eumops perotis",6.04302336004063e+92
"2897","Lasiurus borealis",4.5551095848349e+92
"150","Myotis dasycneme",4.15765079461588e+92
"3471","Saccolaimus mixtus",2.78921775282949e+92
"3529","Tadarida fulminans",2.2080263036837e+92
"138","Hipposideros caffer",1.59959226877022e+92
"2578","Artibeus glaucus",7.82813347318124e+91
"121","Artibeus obscurus",7.38632237032604e+91
"2902","Lasiurus ega",4.79610994672511e+91
"2572","Artibeus anderseni",4.18321106992076e+91
"2560","Anoura luismanueli",3.86150049503246e+91
"3099","Myotis leibii",3.45312580122368e+91
"2968","Miniopterus australis",2.62328543044965e+91
"3545","Taphozous melanopogon",2.04105406468651e+91
"177","Taphozous perforatus",1.27769068244813e+91
"156","Pipistrellus kuhlii",7.96686597281837e+90
"3284","Pipistrellus subflavus",7.86226043099544e+90
"157","Pipistrellus nathusii",6.88288219222726e+90
"3282","Pipistrellus stenopterus",4.75584845688861e+90
"3116","Myotis nigricans",4.3255439033902e+90
"2785","Hipposideros bicolor",4.30459971909821e+90
"2831","Hipposideros ridleyi",4.03836266040173e+90
"2735","Eumops auripendulus",2.9607807455567e+90
"2576","Artibeus fimbriatus",2.39957286213692e+90
"2579","Artibeus gnomus",1.68290776598089e+90
"2713","Eptesicus brasiliensis",1.47905808650525e+90
"2718","Eptesicus furinalis",1.4530640060455e+90
"3490","Scotophilus borbonicus",1.16003631753578e+90
"2575","Artibeus concolor",7.99334239523936e+89
"2740","Eumops patagonicus",7.92001488309646e+89
"165","Rhinolophus cornutus",7.63437939692262e+89
"3071","Myotis capaccinii",6.84212562897581e+89
"3134","Myotis septentrionalis",6.37474447636887e+89
"3138","Myotis sodalis",5.70345037220424e+89
"3144","Myotis volans",5.54891445983232e+89
"3280","Pipistrellus rueppellii",5.33042283307543e+89
"2798","Hipposideros diadema",4.99665835715666e+89
"3498","Scotophilus robustus",4.96157445008922e+89
"2585","Artibeus watsoni",4.68514802702315e+89
"2972","Miniopterus inflatus",4.57507861713621e+89
"2726","Eptesicus matroka",4.06675297236281e+89
"2836","Hipposideros speoris",2.74718962429288e+89
"3129","Myotis riparius",2.72056760178618e+89
"3175","Nyctalus azoreum",2.71317759810683e+89
"3084","Myotis fortidens",1.78981929015272e+89
"2829","Hipposideros pomona",1.74963234410713e+89
"2916","Leptonycteris yerbabuenae",1.72636477471598e+89
"2815","Hipposideros larvatus",1.7180360870441e+89
"3148","Myotis yumanensis",1.67266344547168e+89
"3472","Saccolaimus peli",1.56772201286589e+89
"3281","Pipistrellus rusticus",1.54907119469942e+89
"3266","Pipistrellus ceylonicus",1.43151537095091e+89
"2814","Hipposideros lankadiva",1.37495892306418e+89
"2805","Hipposideros fulvus",1.23975798198102e+89
"3102","Myotis lucifugus",1.10002802809112e+89
"3420","Rhinolophus megaphyllus",9.79544816350629e+88
"3285","Pipistrellus tenuis",7.54934658523546e+88
"2737","Eumops dabbenei",6.04673643884452e+88
"3111","Myotis muricola",6.01987535083971e+88
"3385","Rhinolophus acuminatus",6.00982630608027e+88
"2903","Lasiurus egregius",5.25640673438074e+88
"3438","Rhinolophus stheno",4.20754918993537e+88
"2783","Hipposideros ater",3.87516214971091e+88
"3533","Tadarida lobata",3.45975106982563e+88
"140","Hipposideros galeritus",3.34083160203306e+88
"139","Hipposideros commersoni",3.11236010596511e+88
"2896","Lasiurus blossevillii",2.91312967346141e+88
"3546","Taphozous nudiventris",2.8907591778004e+88
"2840","Hipposideros turpis",2.58017854303154e+88
"3066","Myotis bocagii",2.2427562192087e+88
"2790","Hipposideros cineraceus",1.9206063220913e+88
"3413","Rhinolophus lepidus",1.53608069003971e+88
"3404","Rhinolophus fumigatus",1.44281024028282e+88
"3406","Rhinolophus hildebrandtii",1.28921639880757e+88
"3414","Rhinolophus luctus",1.0184234701113e+88
"2742","Eumops trumbulli",8.23488478010041e+87
"3437","Rhinolophus simulator",6.81112177369491e+87
"3271","Pipistrellus hesperus",6.09712694533521e+87
"3412","Rhinolophus landeri",5.40293656429329e+87
"3538","Taphozous georgianus",4.63831186726669e+87
"3176","Nyctalus furvus",3.4909279514263e+87
"2909","Lasiurus seminolus",3.11375818972206e+87
"2904","Lasiurus insularis",2.36386972602515e+87
"153","Myotis ricketti",1.74784671603091e+87
"3097","Myotis keenii",1.74784671603091e+87
"3535","Tadarida ventralis",1.24901187123358e+87
"3183","Nycteris gambiensis",1.14302441874992e+87
"2907","Lasiurus pfeifferi",1.07882340578886e+87
"3272","Pipistrellus inexspectatus",8.62095383211344e+86
"3514","Sturnira luisi",7.5663798182893e+86
"3068","Myotis brandtii",7.41153554231661e+86
"141","Hipposideros pratti",6.97150369267041e+86
"3273","Pipistrellus javanicus",5.97041790696456e+86
"2898","Lasiurus castaneus",4.56700108692812e+86
"2577","Artibeus fraterculus",4.31447902128123e+86
"3276","Pipistrellus nanulus",4.24439566743549e+86
"170","Rhinolophus rex",3.39293302373242e+86
"3187","Nycteris javanica",3.02684154644243e+86
"3130","Myotis rosseti",2.97771640808973e+86
"2723","Eptesicus innoxius",2.82040840478111e+86
"3279","Pipistrellus permixtus",2.27882621248795e+86
"2797","Hipposideros demissus",2.27363946454308e+86
"2571","Artibeus amplus",2.11432042332361e+86
"3397","Rhinolophus convexus",1.4768217873263e+86
"3426","Rhinolophus philippinensis",1.4768217873263e+86
"3542","Taphozous kapalgensis",1.32838756942244e+86
"3510","Sturnira bogotensis",1.19047275254818e+86
"3109","Myotis montivagus",1.15990526624566e+86
"3141","Myotis tricolor",1.15990526624566e+86
"2911","Lasiurus xanthinus",8.92979535811749e+85
"2730","Eptesicus tatei",8.53291437438713e+85
"3100","Myotis levis",5.08825950550231e+85
"2782","Hipposideros abae",4.715410131269e+85
"3153","Natalus jamaicensis",4.55687948231889e+85
"2813","Hipposideros lamottei",4.23642445701544e+85
"166","Rhinolophus creaghi",3.84112220506722e+85
"2980","Miniopterus paululus",3.78519773891233e+85
"2799","Hipposideros dinops",3.57956808992116e+85
"158","Pipistrellus pygmaeus",3.4479974727704e+85
"3050","Myotis abei",2.9954250924905e+85
"3083","Myotis formosus",2.9954250924905e+85
"3147","Myotis yesoensis",2.9954250924905e+85
"3065","Myotis blythii",2.81522811666355e+85
"3072","Myotis chiloensis",2.69784650082531e+85
"3101","Myotis longipes",2.69784650082531e+85
"2619","Chaerephon pumilus",2.55295561883901e+85
"2974","Miniopterus magnater",2.42229496075593e+85
"3287","Pipistrellus westralis",2.420873202827e+85
"3069","Myotis bucharensis",2.06322421980233e+85
"3131","Myotis ruber",2.06322421980233e+85
"3543","Taphozous longimanus",2.02760409735113e+85
"3407","Rhinolophus hilli",1.8033401422364e+85
"3436","Rhinolophus silvestris",1.8033401422364e+85
"3540","Taphozous hildegardeae",1.76347486303017e+85
"2724","Eptesicus japonensis",1.75419871813705e+85
"3076","Myotis csorbai",1.54989784364882e+85
"3105","Myotis macrotarsus",1.54989784364882e+85
"3136","Myotis siligorensis",1.54989784364882e+85
"3491","Scotophilus celebensis",1.47519352381362e+85
"2910","Lasiurus varius",1.1956186713466e+85
"3544","Taphozous mauritianus",1.18715718162794e+85
"2984","Miniopterus tristis",1.08069902039374e+85
"3110","Myotis morrisi",8.81719636828206e+84
"3103","Myotis macrodactylus",8.27306645231803e+84
"3132","Myotis schaubi",7.46102860260279e+84
"3432","Rhinolophus sedulus",7.29523579426651e+84
"2809","Hipposideros hypophyllus",7.27182254499999e+84
"2839","Hipposideros thomensis",7.27182254499999e+84
"2900","Lasiurus degelidus",6.61086929057048e+84
"3547","Taphozous theobaldi",5.35960802719737e+84
"3451","Rhinopoma muscatellum",4.95279586812831e+84
"142","Hipposideros ruber",4.59604685279915e+84
"2816","Hipposideros lekaguli",4.29269874895549e+84
"2908","Lasiurus salinae",4.14829614943852e+84
"2981","Miniopterus pusillus",3.47574480604903e+84
"2804","Hipposideros fuliginosus",2.70419230338414e+84
"2834","Hipposideros semoni",2.70419230338414e+84
"3053","Myotis albescens",2.55451259279281e+84
"3411","Rhinolophus keyensis",2.35340322222757e+84
"3441","Rhinolophus swinnyi",2.35340322222757e+84
"3140","Myotis thysanodes",2.34227285276187e+84
"3074","Myotis ciliolabrum",2.337318232046e+84
"125","Chaerephon plicatus",2.09952660364559e+84
"2725","Eptesicus kobayashii",1.78866148422721e+84
"2817","Hipposideros lylei",1.57789425278581e+84
"3408","Rhinolophus hillorum",1.52153945507792e+84
"3531","Tadarida kuboriensis",1.32972299544029e+84
"3516","Sturnira mistratensis",1.19282357576754e+84
"3515","Sturnira magna",1.00991961358179e+84
"2841","Hipposideros vittatus",9.06118261324081e+83
"2978","Miniopterus minor",8.30639449426112e+83
"3077","Myotis davidii",8.14427433952538e+83
"3174","Nyctalus aviator",8.02307666881339e+83
"3086","Myotis gomantongensis",7.451658851409e+83
"3118","Myotis occultus",7.451658851409e+83
"3182","Nycteris aurita",6.64338655183955e+83
"3433","Rhinolophus shameli",5.73034666675516e+83
"163","Pteropus rufus",4.62026553312886e+83
"3052","Myotis aelleni",4.53804494359361e+83
"3085","Myotis frater",4.53804494359361e+83
"3117","Myotis nipalensis",4.53804494359361e+83
"2975","Miniopterus majori",3.96796991267349e+83
"2810","Hipposideros inexpectatus",3.04088112813939e+83
"3400","Rhinolophus denti",2.70511031040764e+83
"3430","Rhinolophus ruwenzorii",2.70511031040764e+83
"3106","Myotis martiniquensis",2.55740490498692e+83
"3137","Myotis simus",2.55740490498692e+83
"3274","Pipistrellus maderensis",2.30141003412159e+83
"3402","Rhinolophus euryotis",2.1265905771812e+83
"3578","Vespadelus regulus",1.98680008399394e+83
"2806","Hipposideros gigas",1.93976958702535e+83
"3398","Rhinolophus darlingi",1.86973133086688e+83
"3427","Rhinolophus robinsoni",1.86973133086688e+83
"3580","Vespadelus vulturnus",1.80211055388603e+83
"3354","Pteropus neohibernicus",1.75528933851482e+83
"2728","Eptesicus pachyotis",1.74902070798228e+83
"2800","Hipposideros doriae",1.43342227375146e+83
"2830","Hipposideros pygmaeus",1.43342227375146e+83
"2802","Hipposideros dyacorum",1.14561035928183e+83
"3337","Pteropus griseus",1.13660782286688e+83
"3367","Pteropus rennelli",1.13660782286688e+83
"171","Rhinolophus thomasi",1.0718160543505e+83
"3277","Pipistrellus papuanus",1.00021897758328e+83
"2976","Miniopterus manavi",7.83473438105667e+82
"3322","Pteropus admiralitatum",7.08376123615348e+82
"2835","Hipposideros sorenseni",7.0032118969688e+82
"3387","Rhinolophus alcyone",6.62599493533666e+82
"3416","Rhinolophus madurensis",6.62599493533666e+82
"3442","Rhinolophus trifoliatus",6.62599493533666e+82
"3073","Myotis chinensis",6.59233648830306e+82
"3133","Myotis scotti",6.59233648830306e+82
"3577","Vespadelus pumilus",6.21313110350226e+82
"3078","Myotis dominicensis",5.80579006335459e+82
"3107","Myotis melanorhinus",5.80579006335459e+82
"3139","Myotis stalkeri",5.80579006335459e+82
"3324","Pteropus anetianus",4.37680850305698e+82
"3386","Rhinolophus adami",4.24558257481936e+82
"3415","Rhinolophus maclaudi",4.24558257481936e+82
"3348","Pteropus macrotis",2.92641411212231e+82
"3378","Pteropus ualanus",2.92641411212231e+82
"2895","Lasiurus atratus",2.65902468057624e+82
"3548","Taphozous troughtoni",2.28092696024377e+82
"3352","Pteropus melanotus",2.08404843841698e+82
"3383","Pteropus yapensis",2.08404843841698e+82
"3401","Rhinolophus eloquens",1.94643144823015e+82
"3104","Myotis macropus",1.64805906861001e+82
"2721","Eptesicus guadeloupensis",1.29531287719096e+82
"3270","Pipistrellus endoi",1.25809478411181e+82
"3338","Pteropus howensis",9.0382232168554e+81
"3368","Pteropus rodricensis",9.0382232168554e+81
"3294","Platyrrhinus helleri",8.87753765769277e+81
"3344","Pteropus livingstonii",7.87627260972052e+81
"3373","Pteropus subniger",7.87627260972052e+81
"3318","Pteronotus macleayii",7.74855912428325e+81
"2979","Miniopterus natalensis",6.53861170684262e+81
"2982","Miniopterus robustior",6.48005168674657e+81
"3403","Rhinolophus formosae",6.39033544699628e+81
"3434","Rhinolophus shortridgei",6.39033544699628e+81
"3395","Rhinolophus coelophyllus",6.32113419580438e+81
"3193","Nycteris thebaica",6.2749926295722e+81
"3340","Pteropus insularis",6.09968595499236e+81
"2784","Hipposideros beatus",5.76756281292838e+81
"2818","Hipposideros macrobullatus",5.76756281292838e+81
"2807","Hipposideros grandis",5.68935321964566e+81
"2837","Hipposideros stenotis",5.68935321964566e+81
"3075","Myotis cobanensis",4.30717597728329e+81
"3135","Myotis sicarius",4.30717597728329e+81
"3346","Pteropus loochoensis",3.57996862708133e+81
"3375","Pteropus tokudae",3.57996862708133e+81
"2727","Eptesicus nasutus",3.43215458101735e+81
"2710","Eptesicus andinus",3.32859740839435e+81
"3054","Myotis alcathoe",2.5630732321545e+81
"3087","Myotis goudoti",2.5630732321545e+81
"3119","Myotis oreias",2.5630732321545e+81
"3035","Murina leucogaster",2.21231876182544e+81
"3425","Rhinolophus paradoxolophus",2.15606377061375e+81
"2901","Lasiurus ebenus",1.15621820275584e+81
"3349","Pteropus mahaganus",1.08236218028955e+81
"3380","Pteropus vetulus",1.08236218028955e+81
"3536","Taphozous achates",7.72094063083576e+80
"3299","Platyrrhinus vittatus",7.58013519366629e+80
"3323","Pteropus aldabrensis",6.58389509702448e+80
"3353","Pteropus molossinus",6.58389509702448e+80
"3055","Myotis altarium",5.34228369518055e+80
"3089","Myotis hajastanicus",5.34228369518055e+80
"3120","Myotis oxygnathus",5.34228369518055e+80
"3347","Pteropus lylei",4.69926041181956e+80
"3296","Platyrrhinus lineatus",4.56515434866397e+80
"3431","Rhinolophus sakejiensis",4.38672440538502e+80
"3399","Rhinolophus deckenii",4.3231752346601e+80
"3429","Rhinolophus rufus",4.3231752346601e+80
"2971","Miniopterus gleni",4.05765635843419e+80
"2795","Hipposideros curtus",3.41993261537625e+80
"2827","Hipposideros papua",3.41993261537625e+80
"3325","Pteropus aruensis",3.08668631945765e+80
"3355","Pteropus niger",3.08668631945765e+80
"2801","Hipposideros durgadasi",3.08426754152698e+80
"2832","Hipposideros rotalis",3.08426754152698e+80
"3345","Pteropus lombocensis",2.86453856185732e+80
"3374","Pteropus temminckii",2.86453856185732e+80
"3184","Nycteris grandis",2.6337512055523e+80
"3188","Nycteris macrotis",1.85068523907226e+80
"3342","Pteropus keyensis",1.8201325235989e+80
"3371","Pteropus seychellensis",1.8201325235989e+80
"2803","Hipposideros edwardshilli",1.75118589835958e+80
"2833","Hipposideros scutinares",1.75118589835958e+80
"2977","Miniopterus medius",1.39431335593433e+80
"3388","Rhinolophus arcuatus",1.23791219368331e+80
"3417","Rhinolophus maendeleo",1.23791219368331e+80
"3443","Rhinolophus virgo",1.23791219368331e+80
"3275","Pipistrellus minahassae",1.22627057389022e+80
"2786","Hipposideros breviceps",9.82912340047034e+79
"2819","Hipposideros madurae",9.82912340047034e+79
"2729","Eptesicus platyops",9.78323403817484e+79
"3067","Myotis bombinus",9.18281612659278e+79
"3098","Myotis laniger",9.18281612659278e+79
"3128","Myotis ridleyi",9.18281612659278e+79
"3527","Tadarida australis",8.02315427239283e+79
"3539","Taphozous hamiltoni",6.88477377196805e+79
"3389","Rhinolophus beddomei",6.10686167472511e+79
"3418","Rhinolophus malayanus",6.10686167472511e+79
"3444","Rhinolophus yunanensis",6.10686167472511e+79
"3532","Tadarida latouchei",3.09161499677492e+79
"3341","Pteropus intermedius",3.01043965261106e+79
"3369","Pteropus samoensis",3.01043965261106e+79
"3278","Pipistrellus paterculus",2.7862114748816e+79
"3079","Myotis elegans",1.8447610227776e+79
"3108","Myotis moluccarum",1.8447610227776e+79
"3518","Sturnira nana",1.32979634129036e+79
"3335","Pteropus fundatus",6.81648819173896e+78
"3365","Pteropus pumilus",6.81648819173896e+78
"3377","Pteropus tuberculatus",5.7525170221995e+78
"3394","Rhinolophus celebensis",3.8379242842759e+78
"3423","Rhinolophus nereis",3.8379242842759e+78
"3062","Myotis australis",2.9621975199909e+78
"3095","Myotis insularum",2.9621975199909e+78
"3126","Myotis pruinosus",2.9621975199909e+78
"2609","Chaerephon bemmeleni",2.42240114097202e+78
"3573","Vespadelus caurinus",2.36365415348847e+78
"3405","Rhinolophus guineensis",1.67159840018704e+78
"3435","Rhinolophus siamensis",1.67159840018704e+78
"3268","Pipistrellus coromandra",1.3275631440517e+78
"2808","Hipposideros halophyllus",1.31964805140277e+78
"2838","Hipposideros sumbae",1.31964805140277e+78
"2983","Miniopterus shortridgei",1.27602173133306e+78
"3572","Vespadelus baverstocki",1.08781281542643e+78
"3326","Pteropus banakrisi",1.07780721309177e+78
"3356","Pteropus nitendiensis",1.07780721309177e+78
"2717","Eptesicus floweri",1.07142115033814e+78
"2722","Eptesicus hottentotus",6.08623594922171e+77
"3537","Taphozous australis",5.62381074222996e+77
"2620","Chaerephon russatus",4.76159678767063e+77
"3034","Murina huttoni",4.43588348074401e+77
"2625","Chalinolobus gouldii",3.32193225865298e+77
"3063","Myotis austroriparius",2.62753425383978e+77
"2615","Chaerephon johorensis",1.56510688858777e+77
"2610","Chaerephon bivittatus",1.24279725500595e+77
"3396","Rhinolophus cognatus",1.1669778766339e+77
"3343","Pteropus leucopterus",1.10772051715829e+77
"3372","Pteropus speciosus",1.10772051715829e+77
"2702","Epomophorus angolensis",7.34959825955094e+76
"2711","Eptesicus bobrinskoi",5.35616834446704e+76
"2793","Hipposideros coxi",5.28232164772159e+76
"2825","Hipposideros obscurus",5.28232164772159e+76
"2626","Chalinolobus morio",4.73197671882614e+76
"3574","Vespadelus darlingtoni",3.81521048709371e+76
"3579","Vespadelus troughtoni",3.67331222080415e+76
"2715","Eptesicus diminutus",2.32539829362334e+76
"3333","Pteropus dasymallus",1.78304012871137e+76
"3362","Pteropus pohlei",1.78304012871137e+76
"2969","Miniopterus fraterculus",1.65743042594376e+76
"2621","Chaerephon shortridgei",1.64108792708842e+76
"3541","Taphozous hilli",1.63505871054016e+76
"2611","Chaerephon bregullae",1.30970721114009e+76
"3056","Myotis anjouanensis",1.16104843000601e+76
"3090","Myotis hasseltii",1.16104843000601e+76
"3121","Myotis oxyotus",1.16104843000601e+76
"2796","Hipposideros cyclops",1.04708113034046e+76
"2828","Hipposideros pelingensis",1.04708113034046e+76
"3575","Vespadelus douglasorum",8.46415338492576e+75
"129","Dobsonia moluccensis",6.3636744510165e+75
"2559","Anoura latidens",4.73030980104016e+75
"2616","Chaerephon leucogaster",2.80720793667033e+75
"3181","Nycteris arge",2.80614884632306e+75
"3301","Plecotus auritus",2.74901532127108e+75
"2613","Chaerephon gallagheri",2.5726190097609e+75
"2787","Hipposideros calcaratus",1.80950101691007e+75
"2820","Hipposideros maggietaylorae",1.80950101691007e+75
"169","Rhinolophus monoceros",1.33348867964772e+75
"3419","Rhinolophus marshalli",1.18179793222558e+75
"3445","Rhinolophus ziama",1.18179793222558e+75
"3392","Rhinolophus canuti",5.79680422491954e+74
"2617","Chaerephon major",5.77701428833708e+74
"3200","Nycticeius humeralis",4.72372147332422e+74
"3336","Pteropus gilliardorum",3.41865511640923e+74
"3366","Pteropus rayneri",3.41865511640923e+74
"2656","Corynorhinus townsendii",2.6626245528892e+74
"3196","Nycteris woodi",2.29532254204488e+74
"3185","Nycteris hispida",8.82446342183407e+73
"2607","Chaerephon aloysiisabaudiae",5.57743059500923e+73
"164","Rhinolophus clivosus",3.63034578184901e+73
"2612","Chaerephon chapini",2.14199560966516e+73
"3327","Pteropus brunneus",2.10485845637299e+73
"3357","Pteropus ocularis",2.10485845637299e+73
"3576","Vespadelus finlaysoni",2.00866181127631e+73
"3178","Nyctalus leisleri",1.72547386313323e+73
"3265","Pipistrellus angulatus",1.71113856940008e+73
"3059","Myotis atacamensis",1.05552742850452e+73
"3093","Myotis hosonoi",1.05552742850452e+73
"3124","Myotis pequinius",1.05552742850452e+73
"2846","Histiotus macrotus",6.78128048297159e+72
"2791","Hipposideros coronatus",3.41065695099998e+72
"2823","Hipposideros muscinus",3.41065695099998e+72
"3530","Tadarida insignis",3.18943227588697e+72
"3127","Myotis punicus",2.17349184836183e+72
"2614","Chaerephon jobensis",1.6031196482311e+72
"3525","Syconycteris hobbit",1.45376295013931e+72
"3424","Rhinolophus osgoodi",1.08965700896527e+72
"2847","Histiotus magellanicus",7.17252915292259e+71
"3047","Myonycteris torquata",7.16591832850095e+71
"2849","Histiotus velatus",6.65358025465388e+71
"3096","Myotis keaysi",6.55538422137077e+71
"2848","Histiotus montanus",6.47340530918319e+71
"3330","Pteropus chrysoproctus",5.313262699458e+71
"3360","Pteropus personatus",5.313262699458e+71
"3523","Syconycteris australis",4.44933514984945e+71
"3199","Nycticeius cubanus",2.42659305306354e+71
"3154","Natalus major",1.96422266832164e+71
"2618","Chaerephon nigeriae",1.41039034687461e+71
"3046","Myonycteris relicta",1.3260056629569e+71
"3191","Nycteris nana",1.22995346884336e+71
"2655","Corynorhinus rafinesquii",9.87861461456295e+70
"2683","Dobsonia minor",8.45548034531461e+70
"3290","Platyrrhinus aurarius",8.04150556067332e+70
"2720","Eptesicus gobiensis",5.46776014258803e+70
"3269","Pipistrellus deserti",3.93863676192709e+70
"3194","Nycteris tragata",2.52492367957208e+70
"3291","Platyrrhinus brachycephalus",1.47810285047479e+70
"2905","Lasiurus intermedius",1.33370447396743e+70
"3113","Myotis mystacinus",1.16504500820689e+70
"3036","Murina puta",8.25253601226097e+69
"2581","Artibeus incomitatus",5.54598542595067e+69
"3334","Pteropus faunulus",4.0152203449003e+69
"3364","Pteropus pselaphon",4.0152203449003e+69
"2794","Hipposideros crumeniferus",3.25710182571696e+69
"2826","Hipposideros orbiculus",3.25710182571696e+69
"2608","Chaerephon ansorgei",1.16236605986854e+69
"2970","Miniopterus fuscus",7.04491167889348e+68
"2624","Chalinolobus dwyeri",6.36891450219192e+68
"2675","Dobsonia anderseni",3.38152975481652e+68
"3186","Nycteris intermedia",2.93254410189816e+68
"3042","Murina tubinaris",1.16512881207848e+68
"2628","Chalinolobus nigrogriseus",2.20161149581327e+67
"3037","Murina rozendaali",1.84504643297135e+67
"2684","Dobsonia pannietensis",7.57277886506853e+66
"2738","Eumops hansae",7.45110448493301e+66
"2687","Dobsonia viridis",4.47773608454968e+66
"3038","Murina ryukyuana",3.67567931728561e+66
"2627","Chalinolobus neocaledonicus",2.87869926869259e+66
"2630","Chalinolobus tuberculatus",1.50194531542302e+66
"2676","Dobsonia beauforti",1.31898699409169e+66
"3040","Murina suilla",9.77403655336994e+65
"3043","Murina ussuriensis",8.71706648143389e+65
"2716","Eptesicus dimissus",4.90354235234548e+65
"2844","Histiotus humboldti",2.81008606237384e+65
"3081","Myotis fimbriatus",1.96177270181459e+65
"3145","Myotis welwitschii",1.96177270181459e+65
"3292","Platyrrhinus chocoensis",1.20655223055292e+65
"3393","Rhinolophus capensis",1.17574337016932e+65
"3422","Rhinolophus montanus",4.8008787747486e+64
"3283","Pipistrellus sturdeei",2.10725605864844e+64
"2629","Chalinolobus picatus",1.97362082512424e+64
"3305","Plecotus sardus",1.80899096785453e+64
"3039","Murina silvatica",1.32317309874378e+64
"3320","Pteronotus pristinus",2.39205485046855e+63
"3041","Murina tenebrosa",1.32400429699247e+63
"2845","Histiotus laephotis",1.16409630719016e+63
"3307","Plecotus teneriffae",1.07012521174849e+63
"3409","Rhinolophus imaizumii",9.7617998106157e+62
"3439","Rhinolophus subbadius",9.7617998106157e+62
"2811","Hipposideros inornatus",6.92187467983918e+62
"2842","Hipposideros wollastoni",6.92187467983918e+62
"3165","Neoromicia nanus",6.79172846792723e+62
"3297","Platyrrhinus recifinus",5.70369530293597e+62
"3519","Sturnira oporaphilum",5.48666564439605e+62
"2712","Eptesicus bottae",3.07107781636978e+62
"3306","Plecotus taivanus",3.03390005232654e+62
"2967","Miniopterus africanus",2.88622708944769e+62
"3195","Nycteris vinsoni",2.78013396491688e+62
"2685","Dobsonia peronii",2.20504036598781e+62
"3267","Pipistrellus collinus",2.17095156147024e+62
"168","Rhinolophus mehelyi",1.86035413593551e+62
"3060","Myotis ater",1.57307605286974e+62
"3094","Myotis ikonnikovi",1.57307605286974e+62
"3125","Myotis planiceps",1.57307605286974e+62
"3390","Rhinolophus bocharicus",9.34060995123923e+61
"3263","Pipistrellus adamsi",8.94703057981729e+61
"2792","Hipposideros corynophyllus",5.2625840192836e+61
"2824","Hipposideros nequam",5.2625840192836e+61
"3192","Nycteris parisii",2.72159250789094e+61
"3331","Pteropus cognatus",2.58535160607361e+61
"3361","Pteropus pilosus",2.58535160607361e+61
"3057","Myotis annamiticus",1.96376384223106e+61
"3091","Myotis hermani",1.96376384223106e+61
"3122","Myotis ozensis",1.96376384223106e+61
"2677","Dobsonia chapmani",1.85993209265878e+61
"2654","Corynorhinus mexicanus",1.36554209277157e+61
"3328","Pteropus caniceps",2.69964725314688e+60
"3358","Pteropus ornatus",2.69964725314688e+60
"2788","Hipposideros camerunensis",1.74453154924344e+60
"2821","Hipposideros marisae",1.74453154924344e+60
"3303","Plecotus balensis",9.92704215515716e+59
"3350","Pteropus mariannus",9.09202833868238e+59
"3381","Pteropus voeltzkowi",9.09202833868238e+59
"3032","Murina grisea",8.63451080444744e+59
"3027","Murina aenea",3.13522669189113e+59
"2704","Epomophorus grandis",2.04281378060994e+58
"149","Mops condylurus",8.02772665393007e+57
"3163","Neoromicia helios",2.84122479512117e+57
"3028","Murina aurata",1.66996358999262e+57
"3003","Mops midas",1.36145568639477e+57
"3030","Murina florium",8.35863707306413e+56
"2686","Dobsonia praedatrix",4.68595224931599e+56
"143","Hypsugo savii",2.89374229174436e+56
"3164","Neoromicia melckorum",7.76704520915487e+55
"2622","Chaerephon solomonis",5.35992124433922e+55
"2678","Dobsonia crenulata",4.9336068267641e+55
"3300","Plecotus alpinus",4.43034404412774e+55
"3166","Neoromicia rendalli",3.46662810074759e+55
"3304","Plecotus kolombatovici",1.415534362047e+55
"3045","Myonycteris brachycephala",1.11452849011532e+55
"3198","Nycticeius aenobarbus",7.12145894137894e+54
"2681","Dobsonia inermis",5.66363428949094e+54
"3168","Neoromicia tenuipinnis",5.33684839945106e+54
"178","Triaenops persicus",2.44955093357736e+54
"2670","Diclidurus albus",4.85141467141243e+53
"3033","Murina hilgendorfi",1.9984464043914e+53
"2906","Lasiurus minor",1.54683516843901e+53
"2965","Mimon crenulatum",1.00371329413043e+53
"3161","Neoromicia flavescens",7.27055228288055e+52
"3189","Nycteris madagascariensis",5.88319236533738e+52
"3558","Triaenops furculus",4.62204977145242e+52
"3167","Neoromicia somalicus",3.95573940600383e+52
"145","Megaerops niphanae",1.60238155203225e+52
"3298","Platyrrhinus umbratus",8.21144419502497e+51
"2582","Artibeus inopinatus",6.0921853729205e+51
"2947","Megaerops wetmorei",5.16524072150449e+51
"3007","Mops niveiventer",4.65337523084519e+51
"3169","Neoromicia zuluensis",2.03755763301093e+51
"2986","Molossops mattogrossensis",1.76488796619831e+51
"3449","Rhinopoma macinnesi",5.79908333374797e+50
"3155","Natalus primus",2.70625616194458e+50
"3179","Nyctalus montanus",2.43373893537743e+50
"3008","Mops petersoni",1.69038976000711e+50
"3009","Mops sarasinorum",5.37571706956025e+49
"2987","Molossops neglectus",5.07982926418996e+49
"2860","Hypsugo eisentrauti",2.30296092863157e+49
"3011","Mops thersites",9.56550393868602e+48
"2739","Eumops maurus",5.23131547861079e+48
"2866","Hypsugo musciculus",4.50433139677805e+48
"3293","Platyrrhinus dorsalis",2.33957331909045e+48
"3082","Myotis findleyi",9.92394295355955e+47
"3115","Myotis nesopolus",9.92394295355955e+47
"3146","Myotis yanbarensis",9.92394295355955e+47
"3162","Neoromicia guineensis",9.12378331221184e+47
"3302","Plecotus austriacus",6.63493000860101e+47
"2861","Hypsugo imbricatus",6.59007368074464e+47
"2862","Hypsugo joffrei",3.96943785511653e+47
"3005","Mops nanulus",1.31337327818404e+47
"3010","Mops spurrelli",9.48051540473467e+46
"2868","Hypsugo vordermanni",5.95364948477557e+46
"2867","Hypsugo pulveratus",5.92372972868183e+46
"2864","Hypsugo lophurus",4.21851066797775e+46
"3286","Pipistrellus wattsi",3.48458332778883e+46
"3012","Mops trevori",5.24802081015365e+45
"3410","Rhinolophus inops",2.10374004593889e+45
"3440","Rhinolophus subrufus",2.10374004593889e+45
"2812","Hipposideros jonesi",1.05555315626131e+45
"2858","Hypsugo cadornae",8.3784692936834e+44
"3031","Murina fusca",8.22409681168816e+44
"2863","Hypsugo kitcheneri",6.38344034556589e+44
"3524","Syconycteris carolinae",3.28507838546952e+44
"2682","Dobsonia magna",2.87777678805878e+44
"2672","Diclidurus isabellus",2.23982463036322e+44
"2865","Hypsugo macrotis",1.63582327082808e+43
"3002","Mops leucostigma",1.3323611044256e+43
"3006","Mops niangarae",2.23724072776547e+42
"2945","Megaerops ecaudatus",1.64379428431187e+42
"3351","Pteropus melanopogon",1.37345138470512e+42
"3382","Pteropus woodfordi",1.37345138470512e+42
"2714","Eptesicus chiriquinus",1.24980298755023e+42
"3160","Neoromicia brunneus",9.46649471202378e+41
"3391","Rhinolophus borneensis",7.32441452790461e+41
"3421","Rhinolophus mitratus",7.32441452790461e+41
"2745","Falsistrellus mackenziei",5.50901379682932e+41
"3520","Sturnira thomasi",2.480835520155e+41
"3264","Pipistrellus aero",1.98865534398707e+41
"2673","Diclidurus scutatus",1.66561725919163e+41
"2927","Lonchorhina aurita",1.41389211292064e+41
"3329","Pteropus capistratus",1.29269055839408e+41
"2856","Hypsugo ariel",1.02728495283267e+41
"3092","Myotis horsfieldii",8.61305546600911e+40
"3359","Pteropus pelewensis",5.00963376276226e+40
"3058","Myotis annectans",3.90485336548175e+40
"3123","Myotis peninsularis",3.90485336548175e+40
"2679","Dobsonia emersa",3.113284656389e+40
"2744","Falsistrellus affinis",3.01625675020665e+40
"2859","Hypsugo crassulus",1.32369043302381e+40
"3029","Murina cyclotis",1.10135116572121e+40
"2789","Hipposideros cervinus",3.62058456898461e+39
"2822","Hipposideros megalotis",3.62058456898461e+39
"3000","Mops congicus",1.59659113327998e+39
"2936","Lophostoma silvicolum",5.11060537056729e+38
"2934","Lophostoma evotis",4.96669361267824e+38
"2932","Lophostoma brasiliense",3.61243380154015e+38
"2946","Megaerops kusnotoi",8.99222977355225e+37
"2623","Chaerephon tomensis",7.20413721349587e+37
"2854","Hypsugo anthonyi",6.5518214857581e+37
"3557","Triaenops auritus",7.32784850574361e+36
"3004","Mops mops",5.19879019989076e+35
"2931","Lonchorhina orinocensis",9.47612739163935e+34
"2966","Mimon koepckeae",6.62502800118136e+33
"2857","Hypsugo bodenheimeri",3.02586207699826e+33
"2933","Lophostoma carrikeri",2.61093077577972e+33
"2935","Lophostoma schulzi",1.07791816192353e+33
"3190","Nycteris major",7.88574660454698e+31
"2929","Lonchorhina inusitata",2.73729286057762e+28
"3001","Mops demonstrator",1.42696065834722e+28
"2843","Histiotus alienus",1.59833187804395e+27
"2988","Molossops temminckii",9.71509085808753e+26
"2855","Hypsugo arabicus",8.71978773376086e+26
"3295","Platyrrhinus infuscus",5.32546092397183e+26
"2925","Lonchophylla robusta",3.27095817406305e+26
"2926","Lonchophylla thomasi",1.50065862013535e+26
"2746","Falsistrellus mordax",7.08637953971195e+25
"2924","Lonchophylla mordax",5.26972877250533e+25
"2852","Hypsugo alaschanicus",5.04538292901633e+25
"2985","Molossops aequatorianus",2.93577595839634e+23
"2930","Lonchorhina marinkellei",1.05237376268272e+23
"2747","Falsistrellus petersi",69572512073760874496
"2680","Dobsonia exoleta",9251307949945260032
"2963","Mimon bennettii",8248923324784774144
"3559","Triaenops rufus",5058039170321841152
"2953","Micronycteris hirsuta",4172318744929948672
"2956","Micronycteris megalotis",1948846202718960640
"2958","Micronycteris minuta",1451145996563628544
"2928","Lonchorhina fernandezi",706499761790571264
"2923","Lonchophylla hesperia",18573151129601.7
"2751","Glauconycteris argentata",1574991516229.64
"2955","Micronycteris matses",295917637111.067
"2959","Micronycteris sanborni",49029487185.5776
"2957","Micronycteris microtis",1145612271.4593
"2752","Glauconycteris beatrix",437028139.808841
"2960","Micronycteris schmidtorum",42518780.3599184
"2921","Lonchophylla dekeyseri",11386867.0713749
"2999","Mops brachypterus",9010863.5022366
"2671","Diclidurus ingens",745946.496974743
"2748","Falsistrellus tasmaniensis",153485.346140467
"2853","Hypsugo anchietae",87821.0867949376
"2761","Glauconycteris variegata",79.6202074096892
"2757","Glauconycteris kenyacola",0.0409070684688533
"2759","Glauconycteris poensis",0.0014863070648535
"2758","Glauconycteris machadoi",0.00133821765534047
"2964","Mimon cozumelae",0.000493268871052633
"2922","Lonchophylla handleyi",4.81047983940722e-05
"2755","Glauconycteris gleni",2.02723406834427e-06
"2760","Glauconycteris superba",1.183486176221e-07
"2753","Glauconycteris curryae",2.56873223070309e-08
"2952","Micronycteris brosseti",1.1823907187321e-10
"2756","Glauconycteris humeralis",9.82031168434281e-11
"2754","Glauconycteris egeria",3.08145791811439e-17
"2920","Lonchophylla bokermanni",5.67481648436124e-27
"2954","Micronycteris homezi",3.54296206901308e-29
"2750","Glauconycteris alboguttata",2.46620343205619e-44
"2551","Aethalops aequalis",0
"2552","Aethalops alecto",0
"2553","Alionycteris paucidentata",0
"2554","Ametrida centurio",0
"2555","Amorphochilus schnablii",0
"2561","Anthops ornatus",0
"2563","Aproteles bulmerae",0
"2564","Ardops nichollsi",0
"2565","Arielulus aureocollaris",0
"2566","Arielulus circumdatus",0
"2567","Arielulus cuprosus",0
"2568","Arielulus societatis",0
"2569","Arielulus torquatus",0
"2570","Ariteus flavescens",0
"2586","Asellia patrizii",0
"2587","Asellia tridens",0
"2589","Balantiopteryx infusca",0
"2590","Balantiopteryx io",0
"2591","Balantiopteryx plicata",0
"2592","Balionycteris maculata",0
"2595","Bauerus dubiaquercus",0
"2596","Brachyphylla cavernarum",0
"2597","Brachyphylla nana",0
"2603","Casinycteris argynnis",0
"2604","Centronycteris centralis",0
"2605","Centronycteris maximiliani",0
"2606","Centurio senex",0
"2631","Cheiromeles parvidens",0
"2632","Cheiromeles torquatus",0
"2633","Chilonatalus micropus",0
"2634","Chilonatalus tumidifrons",0
"2635","Chiroderma doriae",0
"2636","Chiroderma improvisum",0
"2637","Chiroderma salvini",0
"2638","Chiroderma trinitatum",0
"2639","Chiroderma villosum",0
"2640","Chironax melanocephalus",0
"2641","Choeroniscus godmani",0
"2642","Choeroniscus minor",0
"2643","Choeroniscus periosus",0
"2644","Choeronycteris mexicana",0
"2646","Cistugo lesueuri",0
"2647","Cistugo seabrae",0
"2648","Cloeotis percivali",0
"2649","Coelops frithii",0
"2650","Coelops robinsoni",0
"2651","Coleura afra",0
"2652","Coleura seychellensis",0
"2653","Cormura brevirostris",0
"2657","Craseonycteris thonglongyai",0
"2667","Cyttarops alecto",0
"2689","Ectophylla alba",0
"2690","Emballonura alecto",0
"2691","Emballonura atrata",0
"2692","Emballonura beccarii",0
"2693","Emballonura dianae",0
"2694","Emballonura furax",0
"2695","Emballonura monticola",0
"2696","Emballonura raffrayana",0
"2697","Emballonura semicaudata",0
"2698","Emballonura serii",0
"2699","Enchisthenes hartii",0
"2731","Erophylla bombifrons",0
"2732","Erophylla sezekorni",0
"2734","Eudiscopus denticulus",0
"2749","Furipterus horrens",0
"2762","Glischropus javanus",0
"2763","Glischropus tylopus",0
"2769","Glyphonycteris behnii",0
"2770","Glyphonycteris daviesi",0
"2771","Glyphonycteris sylvestris",0
"2772","Haplonycteris fischeri",0
"2773","Harpiocephalus harpia",0
"2774","Harpiocephalus mordax",0
"2775","Harpyionycteris celebensis",0
"2776","Harpyionycteris whiteheadi",0
"2777","Hesperoptenus blanfordi",0
"2778","Hesperoptenus doriae",0
"2779","Hesperoptenus gaskelli",0
"2780","Hesperoptenus tickelli",0
"2781","Hesperoptenus tomesi",0
"2850","Hylonycteris underwoodi",0
"2869","Idionycteris phyllotis",0
"2870","Kerivoula africana",0
"2871","Kerivoula agnella",0
"2872","Kerivoula argentata",0
"2873","Kerivoula cuprosa",0
"2874","Kerivoula eriophora",0
"2875","Kerivoula flora",0
"2876","Kerivoula hardwickii",0
"2877","Kerivoula intermedia",0
"2878","Kerivoula lanosa",0
"2879","Kerivoula lenis",0
"2880","Kerivoula minuta",0
"2881","Kerivoula muscina",0
"2882","Kerivoula myrella",0
"2883","Kerivoula papillosa",0
"2884","Kerivoula pellucida",0
"2885","Kerivoula phalaena",0
"2886","Kerivoula picta",0
"2887","Kerivoula smithii",0
"2888","Kerivoula whiteheadi",0
"2889","Laephotis angolensis",0
"2890","Laephotis botswanae",0
"2891","Laephotis namibensis",0
"2892","Laephotis wintoni",0
"2893","Lampronycteris brachyotis",0
"2912","Latidens salimalii",0
"2913","Lavia frons",0
"2918","Lionycteris spurrelli",0
"2919","Lissonycteris angolensis",0
"2937","Macroderma gigas",0
"2940","Macrophyllum macrophyllum",0
"2943","Megaderma lyra",0
"2944","Megaderma spasma",0
"2948","Melonycteris fardoulisi",0
"2949","Melonycteris melanops",0
"2950","Melonycteris woodfordi",0
"2962","Mimetillus moloneyi",0
"2997","Monophyllus plethodon",0
"2998","Monophyllus redmani",0
"3016","Mormopterus acetabulosus",0
"3017","Mormopterus beccarii",0
"3018","Mormopterus doriae",0
"3019","Mormopterus jugularis",0
"3020","Mormopterus kalinowskii",0
"3021","Mormopterus loriae",0
"3022","Mormopterus minutus",0
"3023","Mormopterus norfolkensis",0
"3024","Mormopterus phrudus",0
"3025","Mormopterus planiceps",0
"3026","Mosia nigrescens",0
"3044","Musonycteris harrisoni",0
"3048","Myopterus daubentonii",0
"3049","Myopterus whitleyi",0
"3151","Myzopoda aurita",0
"3152","Nanonycteris veldkampii",0
"3158","Neonycteris pusilla",0
"3159","Neopteryx frosti",0
"3170","Noctilio albiventris",0
"3171","Noctilio leporinus",0
"3172","Notopteris macdonaldi",0
"3173","Notopteris neocaledonica",0
"3197","Nycticeinops schlieffeni",0
"3201","Nyctiellus lepidus",0
"3202","Nyctimene aello",0
"3203","Nyctimene albiventer",0
"3204","Nyctimene cephalotes",0
"3205","Nyctimene certans",0
"3206","Nyctimene cyclotis",0
"3207","Nyctimene draconilla",0
"3208","Nyctimene keasti",0
"3209","Nyctimene major",0
"3210","Nyctimene malaitensis",0
"3211","Nyctimene masalai",0
"3212","Nyctimene minutus",0
"3213","Nyctimene rabori",0
"3214","Nyctimene robinsoni",0
"3215","Nyctimene sanctacrucis",0
"3216","Nyctimene vizcaccia",0
"3220","Nyctophilus arnhemensis",0
"3221","Nyctophilus bifax",0
"3222","Nyctophilus geoffroyi",0
"3223","Nyctophilus gouldi",0
"3224","Nyctophilus heran",0
"3225","Nyctophilus howensis",0
"3226","Nyctophilus microdon",0
"3227","Nyctophilus microtis",0
"3228","Nyctophilus nebulosus",0
"3229","Nyctophilus timoriensis",0
"3230","Nyctophilus walkeri",0
"3231","Otomops formosus",0
"3232","Otomops johnstonei",0
"3233","Otomops madagascariensis",0
"3234","Otomops martiensseni",0
"3235","Otomops papuensis",0
"3236","Otomops secundus",0
"3237","Otomops wroughtoni",0
"3238","Otonycteris hemprichii",0
"3239","Otopteropus cartilagonodus",0
"3240","Paracoelops megalotis",0
"3241","Paranyctimene raptor",0
"3242","Paranyctimene tenax",0
"3243","Penthetor lucasi",0
"3244","Peropteryx kappleri",0
"3245","Peropteryx leucoptera",0
"3246","Peropteryx macrotis",0
"3247","Peropteryx trinitatis",0
"3248","Pharotis imogene",0
"3250","Phoniscus aerosa",0
"3251","Phoniscus atrox",0
"3252","Phoniscus jagorii",0
"3253","Phoniscus papuensis",0
"3254","Phylloderma stenops",0
"3255","Phyllonycteris aphylla",0
"3256","Phyllonycteris major",0
"3257","Phyllonycteris poeyi",0
"3258","Phyllops falcatus",0
"3288","Platalina genovensium",0
"3289","Platymops setiger",0
"3308","Plerotes anchietae",0
"3309","Promops centralis",0
"3310","Promops nasutus",0
"3312","Pteralopex acrodonta",0
"3313","Pteralopex anceps",0
"3314","Pteralopex atrata",0
"3315","Pteralopex pulchra",0
"3316","Pteralopex taki",0
"3384","Pygoderma bilabiatum",0
"3446","Rhinophylla alethina",0
"3447","Rhinophylla fischerae",0
"3448","Rhinophylla pumilio",0
"3452","Rhogeessa aeneus",0
"3453","Rhogeessa alleni",0
"3454","Rhogeessa genowaysi",0
"3455","Rhogeessa gracilis",0
"3456","Rhogeessa hussoni",0
"3457","Rhogeessa io",0
"3458","Rhogeessa minutilla",0
"3459","Rhogeessa mira",0
"3460","Rhogeessa parvula",0
"3461","Rhogeessa tumida",0
"3474","Saccopteryx antioquensis",0
"3475","Saccopteryx bilineata",0
"3476","Saccopteryx canescens",0
"3477","Saccopteryx gymnura",0
"3478","Saccopteryx leptura",0
"3479","Sauromys petrophilus",0
"3480","Scleronycteris ega",0
"3481","Scoteanax rueppellii",0
"3482","Scotoecus albigula",0
"3483","Scotoecus albofuscus",0
"3484","Scotoecus hindei",0
"3485","Scotoecus hirundo",0
"3486","Scotoecus pallidus",0
"3487","Scotomanes ornatus",0
"3488","Scotonycteris ophiodon",0
"3489","Scotonycteris zenkeri",0
"3500","Scotorepens balstoni",0
"3501","Scotorepens greyii",0
"3502","Scotorepens orion",0
"3503","Scotorepens sanborni",0
"3504","Scotozous dormeri",0
"3505","Sphaerias blanfordi",0
"3506","Sphaeronycteris toxophyllum",0
"3507","Stenoderma rufum",0
"3522","Styloctenium wallacei",0
"3549","Thoopterus nigrescens",0
"3550","Thyroptera discifera",0
"3551","Thyroptera lavali",0
"3552","Thyroptera tricolor",0
"3553","Tomopeas ravus",0
"3554","Tonatia bidens",0
"3555","Tonatia saurophila",0
"3556","Trachops cirrhosus",0
"3560","Trinycteris nicefori",0
"3564","Vampyressa bidens",0
"3565","Vampyressa brocki",0
"3566","Vampyressa melissa",0
"3567","Vampyressa nymphaea",0
"3568","Vampyressa pusilla",0
"3569","Vampyressa thyone",0
"3571","Vampyrum spectrum",0
