"Host","p.interaction"
"Rousettus_leschenaultii",0.563967813617542
"Rousettus_aegyptiacus",0.560201511205534
"Eidolon_helvum",0.537129560892214
"Artibeus_lituratus",0.525327690116712
"Carollia_perspicillata",0.487683297193069
"Artibeus_jamaicensis",0.453931927652572
"Micropteropus_pusillus",0.420153177173309
"Rhinolophus_ferrumequinum",0.413977743323759
"Cynopterus_sphinx",0.413279948067252
"Scotophilus_kuhlii",0.410330873680036
"Eonycteris_spelaea",0.406228771898258
"Pteropus_alecto",0.401732584497902
"Miniopterus_schreibersii",0.40107515092308
"Glossophaga_soricina",0.400293242045296
"Molossus_rufus",0.398743423231681
"Desmodus_rotundus",0.398223248245644
"Sturnira_lilium",0.395114056534723
"Artibeus_phaeotis",0.392551208112327
"Phyllostomus_hastatus",0.383795538333184
"Epomops_franqueti",0.382971835065049
"Pipistrellus_pipistrellus",0.36967942876275
"Epomophorus_gambianus",0.367657397348444
"Myotis_nigricans",0.360244386436836
"Eptesicus_fuscus",0.358421380657089
"Myotis_lucifugus",0.357604132982691
"Myotis_daubentonii",0.353949767607437
"Cynopterus_brachyotis",0.351412450316799
"Pteropus_giganteus",0.351286521435708
"Tadarida_brasiliensis",0.350362233544715
"Pteronotus_parnellii",0.346047676217717
"Hipposideros_armiger",0.340832782762804
"Myotis_septentrionalis",0.338415418901449
"Hipposideros_caffer",0.335412576111968
"Rhinolophus_affinis",0.334430975904826
"Rhinolophus_sinicus",0.32876261677116
"Uroderma_bilobatum",0.320804240596999
"Rousettus_amplexicaudatus",0.304817815626024
"Pipistrellus_kuhlii",0.301862943208084
"Hypsignathus_monstrosus",0.298780269821316
"Murina_leucogaster",0.295455391271615
"Eptesicus_serotinus",0.294865127134886
"Rhinolophus_pusillus",0.294080950068804
"Rhinolophus_euryale",0.293684507869073
"Pipistrellus_abramus",0.290790046295485
"Carollia_brevicauda",0.289798181248013
"Hipposideros_pomona",0.289107307015719
"Pteropus_poliocephalus",0.289074154671477
"Pteropus_scapulatus",0.288634247101814
"Myotis_keenii",0.287371634737154
"Molossus_molossus",0.287033837561553
"Pteronotus_davyi",0.286692981807326
"Chaerephon_pumilus",0.284619128065028
"Nycteris_gambiensis",0.284340615005817
"Myotis_ricketti",0.283097764581465
"Taphozous_perforatus",0.280358717860366
"Rhinolophus_clivosus",0.26793248710537
"Rhinolophus_rex",0.267490005547004
"Rhinolophus_eloquens",0.253414032851128
"Myotis_velifer",0.239781018236258
"Myotis_volans",0.234755918676191
"Myotis_riparius",0.234617635473813
"Epomophorus_labiatus",0.233751148964662
"Myotis_dasycneme",0.233654718794717
"Myotis_myotis",0.232275332422844
"Megaloglossus_woermanni",0.230605185235817
"Myotis_nattereri",0.230240735490546
"Myotis_blythii",0.230108552907745
"Eidolon_dupreanum",0.229725333233697
"Pipistrellus_nathusii",0.228177107779835
"Scotophilus_dinganii",0.228088447750012
"Pipistrellus_subflavus",0.227541124497608
"Mormoops_megalophylla",0.227108764106412
"Cynomops_abrasus",0.226928454272163
"Myotis_mystacinus",0.226382908632068
"Pteropus_lylei",0.226183594160229
"Dobsonia_moluccensis",0.225891342884591
"Plecotus_auritus",0.225401079821401
"Barbastella_barbastellus",0.224926542924278
"Cynomops_planirostris",0.224880268437492
"Nyctalus_noctula",0.224804685598464
"Hypsugo_savii",0.224459268426068
"Eumops_glaucinus",0.224448316883034
"Lasiurus_cinereus",0.22411619107295
"Pteropus_hypomelanus",0.223422631795152
"Scotophilus_leucogaster",0.223371264989343
"Pteropus_conspicillatus",0.223134925390067
"Taphozous_melanopogon",0.222960288646608
"Phyllostomus_discolor",0.222442938310638
"Pteropus_vampyrus",0.222405280315519
"Hipposideros_bicolor",0.222362786022074
"Myotis_emarginatus",0.221865196796999
"Neoromicia_capensis",0.22171844078242
"Nyctinomops_laticaudatus",0.221578935851909
"Anoura_geoffroyi",0.221331786750554
"Artibeus_cinereus",0.221303848173857
"Rhinopoma_hardwickii",0.220346678836543
"Triaenops_persicus",0.220305645388368
"Mops_condylurus",0.220037945455146
"Hipposideros_pratti",0.219943638220576
"Hipposideros_larvatus",0.219743519139163
"Hipposideros_ruber",0.21931036954086
"Vespertilio_sinensis",0.218683467767607
"Hipposideros_abae",0.216556397634689
"Platyrrhinus_helleri",0.21621171176547
"Miniopterus_inflatus",0.216083681746243
"Pteropus_rufus",0.214890503850704
"Natalus_tumidirostris",0.213839364384607
"Chaerephon_plicatus",0.213808051097293
"Rhinolophus_mehelyi",0.199607623642584
"Rhinolophus_rouxii",0.189965830825198
"Rhinolophus_capensis",0.186136982631051
"Rhinolophus_stheno",0.185057193996194
"Rhinolophus_blasii",0.184665430847839
"Rhinolophus_creaghi",0.184315948947129
"Rhinolophus_simulator",0.184151665726037
"Rhinolophus_coelophyllus",0.183500115448959
"Rhinolophus_megaphyllus",0.183268258251825
"Rhinolophus_hildebrandtii",0.183115525373759
"Rhinolophus_shameli",0.182181126332686
"Rhinolophus_thomasi",0.179849147377356
"Rhinolophus_hipposideros",0.179323679126708
"Rhinolophus_pearsonii",0.179169577318389
"Rhinolophus_macrotis",0.178887506594308
"Epomophorus_wahlbergi",0.165315190240774
"Epomops_dobsonii",0.165144995604701
"Myotis_leibii",0.162819980995035
"Hipposideros_vittatus",0.160743072415893
"Dobsonia_anderseni",0.15881805486877
"Myotis_californicus",0.158424968421599
"Eptesicus_furinalis",0.158367254815253
"Pipistrellus_inexspectatus",0.158101266485952
"Antrozous_pallidus",0.157893217867931
"Pteropus_neohibernicus",0.157874360242146
"Lasionycteris_noctivagans",0.157779593271089
"Eumops_patagonicus",0.156669562986114
"Mimon_crenulatum",0.156640596917585
"Eumops_perotis",0.156607649545342
"Chalinolobus_gouldii",0.156283011524698
"Pipistrellus_pygmaeus",0.156229514843563
"Hipposideros_commersoni",0.156059074931198
"Syconycteris_australis",0.155670596618034
"Hipposideros_lekaguli",0.155430663671145
"Scotophilus_nux",0.155267732947237
"Micronycteris_megalotis",0.154945940212525
"Myotis_austroriparius",0.153816856091675
"Murina_aurata",0.153810018710545
"Myonycteris_torquata",0.153727581591737
"Myotis_longipes",0.153497875157235
"Pipistrellus_coromandra",0.153417383480096
"Lasiurus_ega",0.153269990692566
"Myotis_albescens",0.15322445617467
"Myotis_yumanensis",0.153194381508891
"Eptesicus_diminutus",0.153136635807263
"Pipistrellus_hesperus",0.153103001600784
"Myotis_punicus",0.153093085432771
"Euderma_maculatum",0.152957179803754
"Corynorhinus_townsendii",0.15285495883604
"Eptesicus_brasiliensis",0.152786209060127
"Myotis_thysanodes",0.152570565670063
"Natalus_stramineus",0.152515292292156
"Vespadelus_baverstocki",0.152484414366037
"Nyctalus_plancyi",0.152456776211249
"Artibeus_fimbriatus",0.152436794548125
"Nycteris_nana",0.152397917026552
"Ptenochirus_jagori",0.15228535381559
"Myotis_chiloensis",0.152262308226002
"Tylonycteris_pachypus",0.152248637316716
"Megaerops_niphanae",0.152233440137247
"Neoromicia_nanus",0.152194590375888
"Nycticeius_humeralis",0.152121613328848
"Lasiurus_xanthinus",0.152016186996964
"Nyctinomops_macrotis",0.15189247448528
"Vespadelus_regulus",0.151887602333923
"Lasiurus_egregius",0.151846328480735
"Cynopterus_horsfieldii",0.151807529248581
"Myotis_macropus",0.151613382700585
"Dyacopterus_spadiceus",0.15158185455817
"Myotis_grisescens",0.151559844416071
"Saccolaimus_flaviventris",0.151554110047365
"Scotophilus_nigrita",0.151489041296093
"Chalinolobus_morio",0.151482229486502
"Tadarida_teniotis",0.151437403674643
"Tylonycteris_robustula",0.15143061025716
"Myotis_brandtii",0.15135259303675
"Myotis_evotis",0.151352243065065
"Vespertilio_murinus",0.151274539084155
"Mesophylla_macconnelli",0.151272605818323
"Miniopterus_australis",0.151257243602029
"Diaemus_youngi",0.151170224482978
"Saccolaimus_saccolaimus",0.151131979455297
"Hipposideros_gigas",0.150919650746524
"Hipposideros_diadema",0.150848064412888
"Lasiurus_intermedius",0.150838087853325
"Myotis_levis",0.15062299382943
"Platyrrhinus_lineatus",0.150611668101369
"Lasiurus_blossevillii",0.150587276457719
"Philetor_brachypterus",0.150547737892954
"Leptonycteris_curasoae",0.150505991411205
"Falsistrellus_mackenziei",0.150497825022986
"Histiotus_velatus",0.150459783850597
"Nyctalus_lasiopterus",0.150431345819193
"Pipistrellus_hesperidus",0.150419413533233
"Myotis_horsfieldii",0.15033444765563
"Histiotus_montanus",0.150272331380014
"Miniopterus_natalensis",0.150265614057218
"Anoura_caudifer",0.150259149746863
"Miniopterus_magnater",0.150250291237494
"Lasiurus_seminolus",0.150213337986257
"Macroglossus_minimus",0.150105006925089
"Miniopterus_pusillus",0.15010148684515
"Nycteris_thebaica",0.15008571749411
"Macrotus_californicus",0.14996218347177
"Rhinolophus_cornutus",0.149937083725961
"Myotis_capaccinii",0.149911194365114
"Myotis_macrodactylus",0.149824714877119
"Lasiurus_borealis",0.149752469656798
"Chrotopterus_auritus",0.149663499975777
"Molossops_neglectus",0.14961868205078
"Diclidurus_albus",0.149606758450936
"Myotis_davidii",0.149396859564185
"Glossophaga_morenoi",0.149387398932122
"Rhynchonycteris_naso",0.149173521697318
"Diphylla_ecaudata",0.149167430045268
"Lonchorhina_aurita",0.149159167359907
"Eumops_auripendulus",0.149153603714612
"Leptonycteris_nivalis",0.149150608006592
"Hipposideros_speoris",0.1489270082791
"Glossophaga_longirostris",0.148745030090618
"Sturnira_erythromos",0.14872329173167
"Pteropus_admiralitatum",0.148657625738107
"Artibeus_toltecus",0.14854595145406
"Vespadelus_pumilus",0.148421763865389
"Hipposideros_lankadiva",0.148185450795126
"Pteropus_capistratus",0.147869621572642
"Mystacina_tuberculata",0.147663222759783
"Hipposideros_galeritus",0.147624742028693
"Ia_io",0.147528859863403
"Rhinolophus_monoceros",0.147368527586073
"Cardioderma_cor",0.147357116888987
"Sturnira_tildae",0.147211692472636
"Lichonycteris_obscura",0.147144817654239
"Rhinonicteris_aurantia",0.14694232142541
"Eptesicus_nilssonii",0.146364389388146
"Hipposideros_cineraceus",0.146345387122795
"Taphozous_theobaldi",0.146069761557668
"Carollia_subrufa",0.14602199484156
"Sturnira_ludovici",0.145756930574101
"Aselliscus_stoliczkanus",0.145671863306487
"Artibeus_obscurus",0.145593445460939
"Glauconycteris_argentata",0.145499477059587
"Lonchophylla_robusta",0.145060227921749
"Vampyrodes_caraccioli",0.143360870463809
"Lophostoma_silvicolum",0.143248111589501
"Glossophaga_commissarisi",0.142053213236635
"Paranyctimene_raptor",NA
"Nyctimene_aello",NA
"Nyctimene_certans",NA
"Nyctimene_cyclotis",NA
"Nyctimene_major",NA
"Nyctimene_robinsoni",NA
"Nyctimene_albiventer",NA
"Nyctimene_draconilla",NA
"Nyctimene_minutus",NA
"Nyctimene_cephalotes",NA
"Nyctimene_rabori",NA
"Nyctimene_malaitensis",NA
"Nyctimene_masalai",NA
"Nyctimene_vizcaccia",NA
"Sphaerias_blanfordi",NA
"Alionycteris_paucidentata",NA
"Otopteropus_cartilagonodus",NA
"Haplonycteris_fischeri",NA
"Latidens_salimalii",NA
"Penthetor_lucasi",NA
"Thoopterus_nigrescens",NA
"Aethalops_alecto",NA
"Aethalops_aequalis",NA
"Balionycteris_maculata",NA
"Chironax_melanocephalus",NA
"Dyacopterus_brooksi",NA
"Ptenochirus_minor",NA
"Megaerops_ecaudatus",NA
"Megaerops_kusnotoi",NA
"Megaerops_wetmorei",NA
"Cynopterus_luzoniensis",NA
"Cynopterus_minutus",NA
"Cynopterus_nusatenggara",NA
"Cynopterus_titthaecheilus",NA
"Rousettus_bidens",NA
"Lissonycteris_angolensis",NA
"Myonycteris_relicta",NA
"Myonycteris_brachycephala",NA
"Rousettus_lanosus",NA
"Rousettus_celebensis",NA
"Rousettus_madagascariensis",NA
"Rousettus_obliviosus",NA
"Rousettus_spinalatus",NA
"Plerotes_anchietae",NA
"Casinycteris_argynnis",NA
"Scotonycteris_ophiodon",NA
"Scotonycteris_zenkeri",NA
"Nanonycteris_veldkampii",NA
"Epomops_buettikoferi",NA
"Micropteropus_intermedius",NA
"Epomophorus_angolensis",NA
"Epomophorus_crypturus",NA
"Epomophorus_grandis",NA
"Epomophorus_minor",NA
"Epomophorus_minimus",NA
"Eonycteris_major",NA
"Eonycteris_robusta",NA
"Macroglossus_sobrinus",NA
"Syconycteris_carolinae",NA
"Syconycteris_hobbit",NA
"Notopteris_macdonaldi",NA
"Notopteris_neocaledonica",NA
"Melonycteris_melanops",NA
"Melonycteris_woodfordi",NA
"Harpyionycteris_celebensis",NA
"Harpyionycteris_whiteheadi",NA
"Aproteles_bulmerae",NA
"Dobsonia_beauforti",NA
"Dobsonia_inermis",NA
"Dobsonia_praedatrix",NA
"Dobsonia_viridis",NA
"Dobsonia_crenulata",NA
"Dobsonia_minor",NA
"Dobsonia_peronii",NA
"Dobsonia_emersa",NA
"Dobsonia_exoleta",NA
"Dobsonia_magna",NA
"Dobsonia_pannietensis",NA
"Styloctenium_wallacei",NA
"Neopteryx_frosti",NA
"Pteralopex_acrodonta",NA
"Pteralopex_anceps",NA
"Pteralopex_atrata",NA
"Pteralopex_pulchra",NA
"Acerodon_celebensis",NA
"Acerodon_humilis",NA
"Acerodon_jubatus",NA
"Acerodon_leucotis",NA
"Acerodon_mackloti",NA
"Pteropus_speciosus",NA
"Pteropus_howensis",NA
"Pteropus_ornatus",NA
"Pteropus_pumilus",NA
"Pteropus_melanotus",NA
"Pteropus_griseus",NA
"Pteropus_faunulus",NA
"Pteropus_dasymallus",NA
"Pteropus_livingstonii",NA
"Pteropus_melanopogon",NA
"Pteropus_aruensis",NA
"Pteropus_keyensis",NA
"Pteropus_caniceps",NA
"Pteropus_ocularis",NA
"Pteropus_anetianus",NA
"Pteropus_samoensis",NA
"Pteropus_mariannus",NA
"Pteropus_pelewensis",NA
"Pteropus_ualanus",NA
"Pteropus_yapensis",NA
"Pteropus_loochoensis",NA
"Pteropus_tonganus",NA
"Pteropus_personatus",NA
"Pteropus_temminckii",NA
"Pteropus_macrotis",NA
"Pteropus_pohlei",NA
"Pteropus_lombocensis",NA
"Pteropus_molossinus",NA
"Pteropus_rodricensis",NA
"Pteropus_chrysoproctus",NA
"Pteropus_fundatus",NA
"Pteropus_rayneri",NA
"Pteropus_rennelli",NA
"Pteropus_cognatus",NA
"Pteropus_intermedius",NA
"Pteropus_gilliardorum",NA
"Pteropus_mahaganus",NA
"Pteropus_woodfordi",NA
"Pteropus_aldabrensis",NA
"Pteropus_seychellensis",NA
"Pteropus_niger",NA
"Pteropus_voeltzkowi",NA
"Pteropus_insularis",NA
"Pteropus_leucopterus",NA
"Pteropus_nitendiensis",NA
"Pteropus_pselaphon",NA
"Pteropus_tuberculatus",NA
"Pteropus_vetulus",NA
"Saccolaimus_peli",NA
"Saccolaimus_mixtus",NA
"Taphozous_hamiltoni",NA
"Taphozous_nudiventris",NA
"Taphozous_hilli",NA
"Taphozous_australis",NA
"Taphozous_georgianus",NA
"Taphozous_troughtoni",NA
"Taphozous_kapalgensis",NA
"Taphozous_hildegardeae",NA
"Taphozous_longimanus",NA
"Taphozous_mauritianus",NA
"Taphozous_achates",NA
"Mosia_nigrescens",NA
"Emballonura_atrata",NA
"Emballonura_beccarii",NA
"Emballonura_dianae",NA
"Emballonura_furax",NA
"Emballonura_raffrayana",NA
"Emballonura_semicaudata",NA
"Coleura_afra",NA
"Coleura_seychellensis",NA
"Emballonura_alecto",NA
"Emballonura_monticola",NA
"Cyttarops_alecto",NA
"Diclidurus_isabellus",NA
"Diclidurus_scutatus",NA
"Diclidurus_ingens",NA
"Centronycteris_maximiliani",NA
"Centronycteris_centralis",NA
"Cormura_brevirostris",NA
"Saccopteryx_bilineata",NA
"Saccopteryx_leptura",NA
"Saccopteryx_gymnura",NA
"Saccopteryx_canescens",NA
"Balantiopteryx_io",NA
"Balantiopteryx_infusca",NA
"Balantiopteryx_plicata",NA
"Peropteryx_leucoptera",NA
"Peropteryx_kappleri",NA
"Peropteryx_macrotis",NA
"Peropteryx_trinitatis",NA
"Craseonycteris_thonglongyai",NA
"Rhinopoma_macinnesi",NA
"Rhinopoma_microphyllum",NA
"Rhinopoma_muscatellum",NA
"Lavia_frons",NA
"Macroderma_gigas",NA
"Megaderma_lyra",NA
"Megaderma_spasma",NA
"Nycteris_javanica",NA
"Nycteris_tragata",NA
"Nycteris_arge",NA
"Nycteris_intermedia",NA
"Nycteris_major",NA
"Nycteris_grandis",NA
"Nycteris_hispida",NA
"Nycteris_aurita",NA
"Nycteris_macrotis",NA
"Nycteris_vinsoni",NA
"Nycteris_madagascariensis",NA
"Nycteris_woodi",NA
"Nycteris_parisii",NA
"Rhinolophus_osgoodi",NA
"Rhinolophus_lepidus",NA
"Rhinolophus_shortridgei",NA
"Rhinolophus_imaizumii",NA
"Rhinolophus_cognatus",NA
"Rhinolophus_subbadius",NA
"Rhinolophus_acuminatus",NA
"Rhinolophus_adami",NA
"Rhinolophus_alcyone",NA
"Rhinolophus_arcuatus",NA
"Rhinolophus_celebensis",NA
"Rhinolophus_madurensis",NA
"Rhinolophus_bocharicus",NA
"Rhinolophus_hillorum",NA
"Rhinolophus_darlingi",NA
"Rhinolophus_deckenii",NA
"Rhinolophus_denti",NA
"Rhinolophus_euryotis",NA
"Rhinolophus_fumigatus",NA
"Rhinolophus_inops",NA
"Rhinolophus_keyensis",NA
"Rhinolophus_luctus",NA
"Rhinolophus_beddomei",NA
"Rhinolophus_formosae",NA
"Rhinolophus_maclaudi",NA
"Rhinolophus_hilli",NA
"Rhinolophus_ruwenzorii",NA
"Rhinolophus_siamensis",NA
"Rhinolophus_malayanus",NA
"Rhinolophus_marshalli",NA
"Rhinolophus_mitratus",NA
"Rhinolophus_paradoxolophus",NA
"Rhinolophus_philippinensis",NA
"Rhinolophus_montanus",NA
"Rhinolophus_robinsoni",NA
"Rhinolophus_rufus",NA
"Rhinolophus_sedulus",NA
"Rhinolophus_silvestris",NA
"Rhinolophus_subrufus",NA
"Rhinolophus_swinnyi",NA
"Rhinolophus_trifoliatus",NA
"Rhinolophus_virgo",NA
"Rhinolophus_yunanensis",NA
"Rhinolophus_nereis",NA
"Rhinolophus_borneensis",NA
"Rhinolophus_canuti",NA
"Rhinolophus_landeri",NA
"Rhinolophus_guineensis",NA
"Paracoelops_megalotis",NA
"Coelops_frithii",NA
"Coelops_robinsoni",NA
"Triaenops_furculus",NA
"Triaenops_auritus",NA
"Triaenops_rufus",NA
"Aselliscus_tricuspidatus",NA
"Anthops_ornatus",NA
"Hipposideros_ater",NA
"Hipposideros_beatus",NA
"Hipposideros_breviceps",NA
"Hipposideros_durgadasi",NA
"Hipposideros_coxi",NA
"Hipposideros_curtus",NA
"Hipposideros_dyacorum",NA
"Hipposideros_fuliginosus",NA
"Hipposideros_fulvus",NA
"Hipposideros_halophyllus",NA
"Hipposideros_jonesi",NA
"Hipposideros_macrobullatus",NA
"Hipposideros_maggietaylorae",NA
"Hipposideros_marisae",NA
"Hipposideros_megalotis",NA
"Hipposideros_nequam",NA
"Hipposideros_obscurus",NA
"Hipposideros_papua",NA
"Hipposideros_pygmaeus",NA
"Hipposideros_ridleyi",NA
"Hipposideros_doriae",NA
"Hipposideros_coronatus",NA
"Hipposideros_calcaratus",NA
"Hipposideros_lamottei",NA
"Hipposideros_crumeniferus",NA
"Hipposideros_cervinus",NA
"Cloeotis_percivali",NA
"Hipposideros_thomensis",NA
"Hipposideros_demissus",NA
"Hipposideros_inornatus",NA
"Hipposideros_dinops",NA
"Hipposideros_pelingensis",NA
"Hipposideros_inexpectatus",NA
"Hipposideros_grandis",NA
"Hipposideros_sumbae",NA
"Hipposideros_turpis",NA
"Hipposideros_lylei",NA
"Asellia_patrizii",NA
"Asellia_tridens",NA
"Hipposideros_camerunensis",NA
"Hipposideros_cyclops",NA
"Hipposideros_corynophyllus",NA
"Hipposideros_stenotis",NA
"Hipposideros_wollastoni",NA
"Hipposideros_muscinus",NA
"Hipposideros_semoni",NA
"Myzopoda_aurita",NA
"Thyroptera_discifera",NA
"Thyroptera_tricolor",NA
"Amorphochilus_schnablii",NA
"Furipterus_horrens",NA
"Nyctiellus_lepidus",NA
"Natalus_jamaicensis",NA
"Natalus_major",NA
"Natalus_primus",NA
"Chilonatalus_micropus",NA
"Chilonatalus_tumidifrons",NA
"Noctilio_albiventris",NA
"Noctilio_leporinus",NA
"Mormoops_blainvillei",NA
"Pteronotus_gymnonotus",NA
"Pteronotus_personatus",NA
"Pteronotus_quadridens",NA
"Pteronotus_macleayii",NA
"Macrophyllum_macrophyllum",NA
"Lonchorhina_fernandezi",NA
"Lonchorhina_marinkellei",NA
"Lonchorhina_orinocensis",NA
"Macrotus_waterhousii",NA
"Lampronycteris_brachyotis",NA
"Micronycteris_homezi",NA
"Micronycteris_microtis",NA
"Micronycteris_hirsuta",NA
"Micronycteris_minuta",NA
"Micronycteris_schmidtorum",NA
"Trinycteris_nicefori",NA
"Neonycteris_pusilla",NA
"Glyphonycteris_daviesi",NA
"Glyphonycteris_behnii",NA
"Glyphonycteris_sylvestris",NA
"Trachops_cirrhosus",NA
"Vampyrum_spectrum",NA
"Tonatia_bidens",NA
"Tonatia_saurophila",NA
"Lophostoma_brasiliense",NA
"Lophostoma_carrikeri",NA
"Lophostoma_evotis",NA
"Lophostoma_schulzi",NA
"Mimon_bennettii",NA
"Mimon_cozumelae",NA
"Mimon_koepckeae",NA
"Phylloderma_stenops",NA
"Phyllostomus_latifolius",NA
"Phyllostomus_elongatus",NA
"Brachyphylla_cavernarum",NA
"Brachyphylla_nana",NA
"Erophylla_sezekorni",NA
"Erophylla_bombifrons",NA
"Phyllonycteris_aphylla",NA
"Phyllonycteris_poeyi",NA
"Platalina_genovensium",NA
"Lionycteris_spurrelli",NA
"Lonchophylla_bokermanni",NA
"Lonchophylla_dekeyseri",NA
"Lonchophylla_handleyi",NA
"Lonchophylla_hesperia",NA
"Lonchophylla_mordax",NA
"Lonchophylla_thomasi",NA
"Leptonycteris_yerbabuenae",NA
"Monophyllus_plethodon",NA
"Monophyllus_redmani",NA
"Glossophaga_leachii",NA
"Anoura_cultrata",NA
"Anoura_latidens",NA
"Scleronycteris_ega",NA
"Hylonycteris_underwoodi",NA
"Choeronycteris_mexicana",NA
"Musonycteris_harrisoni",NA
"Choeroniscus_godmani",NA
"Choeroniscus_minor",NA
"Choeroniscus_periosus",NA
"Rhinophylla_alethina",NA
"Rhinophylla_fischerae",NA
"Rhinophylla_pumilio",NA
"Carollia_castanea",NA
"Sturnira_bidens",NA
"Sturnira_nana",NA
"Sturnira_aratathomasi",NA
"Sturnira_luisi",NA
"Sturnira_magna",NA
"Sturnira_mordax",NA
"Sturnira_thomasi",NA
"Sturnira_bogotensis",NA
"Sturnira_oporaphilum",NA
"Pygoderma_bilabiatum",NA
"Centurio_senex",NA
"Ametrida_centurio",NA
"Sphaeronycteris_toxophyllum",NA
"Phyllops_falcatus",NA
"Stenoderma_rufum",NA
"Ardops_nichollsi",NA
"Ariteus_flavescens",NA
"Enchisthenes_hartii",NA
"Artibeus_aztecus",NA
"Artibeus_anderseni",NA
"Artibeus_glaucus",NA
"Artibeus_gnomus",NA
"Artibeus_watsoni",NA
"Artibeus_concolor",NA
"Artibeus_amplus",NA
"Artibeus_fraterculus",NA
"Artibeus_hirsutus",NA
"Artibeus_inopinatus",NA
"Ectophylla_alba",NA
"Chiroderma_salvini",NA
"Chiroderma_improvisum",NA
"Chiroderma_villosum",NA
"Chiroderma_doriae",NA
"Chiroderma_trinitatum",NA
"Vampyressa_melissa",NA
"Vampyressa_pusilla",NA
"Vampyressa_thyone",NA
"Vampyressa_bidens",NA
"Vampyressa_brocki",NA
"Vampyressa_nymphaea",NA
"Uroderma_magnirostrum",NA
"Platyrrhinus_aurarius",NA
"Platyrrhinus_brachycephalus",NA
"Platyrrhinus_chocoensis",NA
"Platyrrhinus_dorsalis",NA
"Platyrrhinus_infuscus",NA
"Platyrrhinus_recifinus",NA
"Platyrrhinus_umbratus",NA
"Platyrrhinus_vittatus",NA
"Tomopeas_ravus",NA
"Cheiromeles_torquatus",NA
"Cheiromeles_parvidens",NA
"Myopterus_daubentonii",NA
"Myopterus_whitleyi",NA
"Molossops_aequatorianus",NA
"Molossops_mattogrossensis",NA
"Molossops_temminckii",NA
"Cynomops_greenhalli",NA
"Cynomops_mexicanus",NA
"Cynomops_paranus",NA
"Platymops_setiger",NA
"Mormopterus_beccarii",NA
"Mormopterus_norfolkensis",NA
"Mormopterus_planiceps",NA
"Mormopterus_loriae",NA
"Sauromys_petrophilus",NA
"Mormopterus_kalinowskii",NA
"Mormopterus_minutus",NA
"Mormopterus_phrudus",NA
"Mormopterus_doriae",NA
"Mormopterus_jugularis",NA
"Mormopterus_acetabulosus",NA
"Tadarida_australis",NA
"Tadarida_kuboriensis",NA
"Tadarida_aegyptiaca",NA
"Tadarida_fulminans",NA
"Tadarida_lobata",NA
"Tadarida_insignis",NA
"Tadarida_latouchei",NA
"Tadarida_ventralis",NA
"Nyctinomops_aurispinosus",NA
"Nyctinomops_femorosaccus",NA
"Otomops_formosus",NA
"Otomops_martiensseni",NA
"Otomops_madagascariensis",NA
"Otomops_papuensis",NA
"Otomops_secundus",NA
"Otomops_wroughtoni",NA
"Promops_centralis",NA
"Promops_nasutus",NA
"Molossus_sinaloae",NA
"Molossus_currentium",NA
"Molossus_aztecus",NA
"Molossus_barnesi",NA
"Molossus_coibensis",NA
"Molossus_pretiosus",NA
"Eumops_hansae",NA
"Eumops_trumbulli",NA
"Eumops_dabbenei",NA
"Eumops_bonariensis",NA
"Eumops_maurus",NA
"Eumops_underwoodi",NA
"Chaerephon_ansorgei",NA
"Chaerephon_bemmeleni",NA
"Chaerephon_bivittatus",NA
"Chaerephon_aloysiisabaudiae",NA
"Chaerephon_chapini",NA
"Chaerephon_shortridgei",NA
"Chaerephon_gallagheri",NA
"Chaerephon_jobensis",NA
"Chaerephon_solomonis",NA
"Chaerephon_bregullae",NA
"Chaerephon_johorensis",NA
"Chaerephon_major",NA
"Chaerephon_nigeriae",NA
"Chaerephon_leucogaster",NA
"Chaerephon_russatus",NA
"Mops_brachypterus",NA
"Mops_nanulus",NA
"Mops_petersoni",NA
"Mops_spurrelli",NA
"Mops_thersites",NA
"Mops_congicus",NA
"Mops_leucostigma",NA
"Mops_midas",NA
"Mops_mops",NA
"Mops_niangarae",NA
"Mops_sarasinorum",NA
"Mops_trevori",NA
"Mops_demonstrator",NA
"Mops_niveiventer",NA
"Miniopterus_majori",NA
"Miniopterus_robustior",NA
"Miniopterus_tristis",NA
"Miniopterus_africanus",NA
"Miniopterus_fraterculus",NA
"Miniopterus_fuscus",NA
"Miniopterus_medius",NA
"Miniopterus_paululus",NA
"Miniopterus_shortridgei",NA
"Miniopterus_minor",NA
"Miniopterus_manavi",NA
"Miniopterus_macrocneme",NA
"Eudiscopus_denticulus",NA
"Hesperoptenus_doriae",NA
"Mimetillus_moloneyi",NA
"Nycticeius_cubanus",NA
"Scoteanax_rueppellii",NA
"Otonycteris_hemprichii",NA
"Scotozous_dormeri",NA
"Bauerus_dubiaquercus",NA
"Glischropus_javanus",NA
"Glischropus_tylopus",NA
"Hypsugo_anchietae",NA
"Hypsugo_eisentrauti",NA
"Hypsugo_musciculus",NA
"Hypsugo_anthonyi",NA
"Hypsugo_joffrei",NA
"Pipistrellus_stenopterus",NA
"Hypsugo_crassulus",NA
"Pipistrellus_nanulus",NA
"Pipistrellus_rueppellii",NA
"Arielulus_circumdatus",NA
"Arielulus_cuprosus",NA
"Arielulus_societatis",NA
"Scotoecus_pallidus",NA
"Scotoecus_albofuscus",NA
"Scotoecus_hirundo",NA
"Scotoecus_albigula",NA
"Scotoecus_hindei",NA
"Hypsugo_imbricatus",NA
"Hypsugo_arabicus",NA
"Neoromicia_helios",NA
"Hypsugo_pulveratus",NA
"Hypsugo_kitcheneri",NA
"Hypsugo_lophurus",NA
"Hesperoptenus_blanfordi",NA
"Hesperoptenus_gaskelli",NA
"Hesperoptenus_tickelli",NA
"Hesperoptenus_tomesi",NA
"Histiotus_alienus",NA
"Histiotus_macrotus",NA
"Histiotus_laephotis",NA
"Histiotus_magellanicus",NA
"Laephotis_angolensis",NA
"Laephotis_botswanae",NA
"Laephotis_namibensis",NA
"Laephotis_wintoni",NA
"Falsistrellus_tasmaniensis",NA
"Falsistrellus_affinis",NA
"Falsistrellus_mordax",NA
"Falsistrellus_petersi",NA
"Nycticeinops_schlieffeni",NA
"Scotorepens_balstoni",NA
"Scotorepens_orion",NA
"Scotorepens_greyii",NA
"Scotorepens_sanborni",NA
"Hypsugo_cadornae",NA
"Hypsugo_macrotis",NA
"Hypsugo_vordermanni",NA
"Hypsugo_ariel",NA
"Hypsugo_bodenheimeri",NA
"Hypsugo_alaschanicus",NA
"Vespadelus_douglasorum",NA
"Vespadelus_caurinus",NA
"Vespadelus_finlaysoni",NA
"Vespadelus_troughtoni",NA
"Vespadelus_darlingtoni",NA
"Vespadelus_vulturnus",NA
"Nyctalus_azoreum",NA
"Nyctalus_aviator",NA
"Nyctalus_leisleri",NA
"Nyctalus_montanus",NA
"Nyctalus_furvus",NA
"Chalinolobus_tuberculatus",NA
"Chalinolobus_dwyeri",NA
"Chalinolobus_neocaledonicus",NA
"Chalinolobus_nigrogriseus",NA
"Chalinolobus_picatus",NA
"Rhogeessa_alleni",NA
"Rhogeessa_mira",NA
"Rhogeessa_gracilis",NA
"Rhogeessa_genowaysi",NA
"Rhogeessa_minutilla",NA
"Rhogeessa_parvula",NA
"Rhogeessa_tumida",NA
"Rhogeessa_aeneus",NA
"Rhogeessa_io",NA
"Lasiurus_insularis",NA
"Lasiurus_castaneus",NA
"Lasiurus_minor",NA
"Lasiurus_pfeifferi",NA
"Lasiurus_salinae",NA
"Lasiurus_varius",NA
"Lasiurus_degelidus",NA
"Neoromicia_flavescens",NA
"Neoromicia_rendalli",NA
"Neoromicia_tenuipinnis",NA
"Neoromicia_brunneus",NA
"Eptesicus_matroka",NA
"Neoromicia_guineensis",NA
"Neoromicia_melckorum",NA
"Neoromicia_somalicus",NA
"Neoromicia_zuluensis",NA
"Glauconycteris_alboguttata",NA
"Glauconycteris_beatrix",NA
"Glauconycteris_humeralis",NA
"Glauconycteris_egeria",NA
"Glauconycteris_gleni",NA
"Glauconycteris_kenyacola",NA
"Glauconycteris_poensis",NA
"Glauconycteris_superba",NA
"Glauconycteris_machadoi",NA
"Glauconycteris_variegata",NA
"Pharotis_imogene",NA
"Nyctophilus_arnhemensis",NA
"Nyctophilus_geoffroyi",NA
"Nyctophilus_gouldi",NA
"Nyctophilus_bifax",NA
"Nyctophilus_heran",NA
"Nyctophilus_microdon",NA
"Nyctophilus_microtis",NA
"Nyctophilus_timoriensis",NA
"Nyctophilus_walkeri",NA
"Barbastella_leucomelas",NA
"Idionycteris_phyllotis",NA
"Corynorhinus_rafinesquii",NA
"Corynorhinus_mexicanus",NA
"Plecotus_austriacus",NA
"Plecotus_kolombatovici",NA
"Plecotus_teneriffae",NA
"Plecotus_taivanus",NA
"Scotomanes_ornatus",NA
"Scotophilus_collinus",NA
"Scotophilus_borbonicus",NA
"Scotophilus_viridis",NA
"Scotophilus_celebensis",NA
"Scotophilus_heathii",NA
"Scotophilus_nucella",NA
"Scotophilus_robustus",NA
"Pipistrellus_minahassae",NA
"Pipistrellus_ceylonicus",NA
"Pipistrellus_deserti",NA
"Pipistrellus_aero",NA
"Pipistrellus_maderensis",NA
"Pipistrellus_rusticus",NA
"Pipistrellus_permixtus",NA
"Pipistrellus_tenuis",NA
"Pipistrellus_adamsi",NA
"Pipistrellus_angulatus",NA
"Pipistrellus_collinus",NA
"Pipistrellus_papuanus",NA
"Pipistrellus_wattsi",NA
"Pipistrellus_westralis",NA
"Pipistrellus_endoi",NA
"Pipistrellus_javanicus",NA
"Pipistrellus_paterculus",NA
"Eptesicus_floweri",NA
"Eptesicus_nasutus",NA
"Eptesicus_bobrinskoi",NA
"Eptesicus_gobiensis",NA
"Eptesicus_japonensis",NA
"Eptesicus_innoxius",NA
"Eptesicus_andinus",NA
"Eptesicus_chiriquinus",NA
"Eptesicus_bottae",NA
"Eptesicus_dimissus",NA
"Eptesicus_guadeloupensis",NA
"Eptesicus_hottentotus",NA
"Eptesicus_kobayashii",NA
"Eptesicus_pachyotis",NA
"Eptesicus_platyops",NA
"Eptesicus_tatei",NA
"Harpiocephalus_harpia",NA
"Harpiocephalus_mordax",NA
"Murina_grisea",NA
"Murina_aenea",NA
"Murina_cyclotis",NA
"Murina_huttoni",NA
"Murina_puta",NA
"Murina_rozendaali",NA
"Murina_florium",NA
"Murina_silvatica",NA
"Murina_suilla",NA
"Murina_tenebrosa",NA
"Murina_tubinaris",NA
"Murina_ussuriensis",NA
"Murina_fusca",NA
"Murina_hilgendorfi",NA
"Phoniscus_aerosa",NA
"Phoniscus_atrox",NA
"Phoniscus_jagorii",NA
"Phoniscus_papuensis",NA
"Kerivoula_agnella",NA
"Kerivoula_argentata",NA
"Kerivoula_cuprosa",NA
"Kerivoula_eriophora",NA
"Kerivoula_flora",NA
"Kerivoula_hardwickii",NA
"Kerivoula_intermedia",NA
"Kerivoula_lanosa",NA
"Kerivoula_minuta",NA
"Kerivoula_muscina",NA
"Kerivoula_myrella",NA
"Kerivoula_papillosa",NA
"Kerivoula_lenis",NA
"Kerivoula_pellucida",NA
"Kerivoula_phalaena",NA
"Kerivoula_picta",NA
"Kerivoula_smithii",NA
"Kerivoula_whiteheadi",NA
"Myotis_abei",NA
"Myotis_aelleni",NA
"Nycticeius_aenobarbus",NA
"Myotis_cobanensis",NA
"Myotis_fortidens",NA
"Myotis_occultus",NA
"Myotis_montivagus",NA
"Myotis_oxyotus",NA
"Myotis_peninsularis",NA
"Cistugo_lesueuri",NA
"Cistugo_seabrae",NA
"Myotis_macrotarsus",NA
"Myotis_stalkeri",NA
"Myotis_vivesi",NA
"Myotis_simus",NA
"Myotis_ruber",NA
"Myotis_adversus",NA
"Myotis_moluccarum",NA
"Myotis_bocagii",NA
"Myotis_hasseltii",NA
"Myotis_laniger",NA
"Myotis_fimbriatus",NA
"Myotis_pruinosus",NA
"Myotis_formosus",NA
"Myotis_hermani",NA
"Myotis_welwitschii",NA
"Myotis_goudoti",NA
"Myotis_anjouanensis",NA
"Myotis_morrisi",NA
"Myotis_tricolor",NA
"Myotis_oxygnathus",NA
"Myotis_chinensis",NA
"Myotis_sicarius",NA
"Myotis_bechsteinii",NA
"Myotis_auriculus",NA
"Myotis_pequinius",NA
"Myotis_bombinus",NA
"Myotis_schaubi",NA
"Myotis_siligorensis",NA
"Myotis_scotti",NA
"Myotis_oreias",NA
"Myotis_altarium",NA
"Myotis_melanorhinus",NA
"Myotis_ciliolabrum",NA
"Myotis_planiceps",NA
"Myotis_insularum",NA
"Myotis_hajastanicus",NA
"Myotis_nipalensis",NA
"Myotis_frater",NA
"Myotis_bucharensis",NA
"Myotis_annectans",NA
"Myotis_australis",NA
"Myotis_hosonoi",NA
"Myotis_ikonnikovi",NA
"Myotis_muricola",NA
"Myotis_ater",NA
"Myotis_ozensis",NA
"Myotis_ridleyi",NA
"Myotis_rosseti",NA
"Myotis_yesoensis",NA
"Myotis_atacamensis",NA
"Myotis_dominicensis",NA
"Myotis_elegans",NA
"Myotis_findleyi",NA
"Myotis_keaysi",NA
"Myotis_martiniquensis",NA
"Myotis_nesopolus",NA
"Myotis_sodalis",NA
